Category,Attribute,North Beach,Russian Hill,Financial District,Chinatown,Nob Hill,Tenderloin,Marina,Pacific Heights,Presidio Heights,Western Addition,Japantown,Lone Mountain/USF,Hayes Valley,Haight Ashbury,Castro/Upper Market,South of Market,Mission,Treasure Island,Twin Peaks,Noe Valley,Glen Park,Potrero Hill,Bayview Hunters Point,Bernal Heights,Outer Mission,Excelsior,Portola,Visitacion Valley,Inner Sunset,West of Twin Peaks,Oceanview/Merced/Ingleside,Sunset/Parkside,Lakeshore,Inner Richmond,Outer Richmond,Seacliff,Presidio,Mission Bay,Lincoln Park,Golden Gate Park,McLaren Park,sf
Population,Total Population,11672,17614,22828,13698,25622,31118,24993,23895,10475,21989,3666,16964,20002,19025,22923,24972,57018,3185,8095,23121,8730,15089,39253,25325,24101,40157,15965,18600,28070,37753,26296,81209,13579,21767,45236,2501,4231,14896,171,25,104,865933
Population,Group Quarter Population,16,5,540,55,910,1590,90,481,98,286,46,2673,506,296,70,1156,1640,951,924,97,38,5,213,150,185,542,174,84,961,193,286,452,2566,177,176,0,0,370,171,0,0,19173
Population,Percent Female,0.4727553118574366,0.5219143862836381,0.4533467671280883,0.5414659074317418,0.46151744594489114,0.4294299119480686,0.5434321610050814,0.4975099393178489,0.5189498806682578,0.4899722588567011,0.5458265139116203,0.5334237208205612,0.4441055894410559,0.4424704336399474,0.3667495528508485,0.4273986865289124,0.45312006734715354,0.4364207221350079,0.43125386040765906,0.47013537476752737,0.5309278350515464,0.47425276691629664,0.49868799836955136,0.4715103652517275,0.489025352,0.4987175336803048,0.4873160037582211,0.4939784946236559,0.5260420377627361,0.5071385055492279,0.49262245208396716,0.504611558,0.5222770454378084,0.5360407956999127,0.5275444336369264,0.5173930427828869,0.5447884660836682,0.5134264232008593,0,0.36,1,0.48765897592538915
Households,Housholds,6198,9407,12091,6483,14716,18133,12559,12850,5051,11459,2309,6178,9754,8150,11756,13068,22899,650,3532,10778,3599,7287,11880,9088,6576,11207,4870,5157,11973,14130,7959,27609,4818,8950,19075,902,1351,6654,0,17,99,361222
Households,Family Households,0.39577282994514357,0.3609014563622834,0.36274915226201304,0.5040876137590622,0.270725741,0.24579495946616667,0.35010749263476393,0.31828793774319064,0.49514947535141557,0.32699188410856095,0.24599393676916415,0.41663968921981226,0.32109903629280295,0.37533742331288344,0.32562095951003744,0.30402509947964496,0.40202628935761386,0.47692307692307695,0.44394110985277463,0.4690109482278716,0.5693248124479022,0.4329628104844243,0.6867845117845118,0.6106954225352113,0.7372262773722628,0.7471223342553761,0.7262833675564682,0.7605196819856506,0.4631253654054957,0.7175513092710545,0.6264606106294761,0.6819153174689413,0.421129099,0.4867039106145251,0.5208387942332896,0.7749445676274944,0.5854922279792746,0.5419296663660956,0,0.17647058823529413,0.050505050505050504,0.47191201
Households,Non-Family Households,0.6042271700548564,0.6390985436377166,0.6372508477379869,0.49591238624093786,0.729274259,0.7542050405338333,0.6498925073652361,0.6817120622568094,0.5048505246485845,0.673008116,0.7540060632308359,0.5833603107801878,0.6789009637071971,0.6246625766871166,0.6743790404899626,0.695974901,0.5979737106423861,0.5230769230769231,0.5560588901472253,0.5309890517721284,0.4306751875520978,0.5670371895155757,0.3132154882154882,0.38930457746478875,0.26277372262773724,0.2528776657446239,0.27371663244353184,0.23948031801434944,0.5368746345945044,0.2824486907289455,0.37353938937052394,0.3180846825310587,0.578870901,0.5132960893854749,0.47916120576671034,0.22505543237250555,0.41450777202072536,0.4580703336339044,0,0.8235294117647058,0.9494949494949495,0.5280879902110059
Households,"Single Person Households, % of Total",0.4899967731526299,0.42510896141171467,0.42329005045074847,0.4318988122782662,0.529016037,0.6548833618265042,0.4298112907078589,0.5236575875486381,0.38685408829934664,0.5024871280216424,0.6405370290168905,0.3381353188734218,0.42864465860159934,0.30503067484662577,0.42267778155835317,0.5668044077134986,0.3535525568802131,0.15846153846153846,0.4116647791619479,0.34366301725737614,0.2889691580994721,0.35364347468093865,0.2313973063973064,0.22964348591549297,0.13838199513381996,0.16293388061033282,0.1868583162217659,0.15939499709133217,0.36390211308778087,0.21061571125265394,0.24475436612639778,0.20714259842804883,0.3845994188459942,0.3,0.34993446920052423,0.18181818181818182,0.11324944485566248,0.3258190562067929,0,0.5882352941176471,0.9494949494949495,0.3658248943862777
Households,"Households with Children, % of Total",0.1334301387544369,0.071010949,0.077826483,0.14376060465833718,0.052527861,0.10296145149727016,0.15064893701727844,0.12342412451361867,0.20075232627202533,0.091543765,0.069294067,0.15199093557785692,0.11226163625179414,0.16171779141104295,0.11449472609731201,0.10751453933272115,0.17681994846936547,0.3030769230769231,0.12485843714609286,0.19205789571349044,0.23895526535148653,0.18649650061753809,0.3526094276094276,0.300506162,0.3082420924574209,0.3189078254662265,0.2720739219712526,0.35097925150281173,0.19017790027562015,0.2775654635527247,0.26561125769569044,0.2589010829801876,0.13449564134495642,0.2293854748603352,0.22951507208387942,0.38470066518847007,0.40932642487046633,0.21791403666967238,0,0,0,0.18640614359036825
Households,"Households with 60 years and older, % of Total",0.39367537915456596,0.34655044116083766,0.18691588785046728,0.6054295850686411,0.2920630606142974,0.3222301880549275,0.21689624970140936,0.28848249027237355,0.34409027915264306,0.3827559123832795,0.5500216543958424,0.31563612819682746,0.20268607750666393,0.1947239263803681,0.2608029942157196,0.25382614018977656,0.2573038123935543,0.29846153846153844,0.3672140430351076,0.2879012803859714,0.3684356765768269,0.20804171812817346,0.47104377104377104,0.3438600352112676,0.5177919708029197,0.5070937806727938,0.4731006160164271,0.5130890052356021,0.34477574542721123,0.5307855626326964,0.5162708883025505,0.48962294903835707,0.3677874636778746,0.3293854748603352,0.42825688073394497,0.4844789356984479,0.11324944485566248,0.15749924857228734,0,0,1,0.35356650480867724
Households,Average Household Size,1.8806066473055825,1.8719039013500585,1.8433545612439004,2.104426962825852,1.679260668659962,1.6284122869905697,1.9828808026116729,1.822101167315175,2.0544446644228866,1.8939698053931409,1.5677782589865743,2.3132081579799286,1.998769735493131,2.298036809815951,1.9439435182034706,1.822467095194368,2.41835888,3.436923076923077,2.0302944507361267,2.1362033772499536,2.41511531,2.0699876492383695,3.2861952861952863,2.770136443661972,3.636861313868613,3.534844293744981,3.242505133470226,3.590459569517161,2.2641777332331077,2.6581740976645434,3.2679984922728984,2.925024448549386,2.2858032378580324,2.412290502793296,2.3622542595019658,2.772727272727273,3.131754256106588,2.183047790802525,0,1.4705882352941178,1.0505050505050506,2.344154010553067
Households,Average Family Household Size,2.826742763962495,2.567599411,2.4856361149110806,2.9556303549571603,2.5519578313253013,3.0608032308727844,2.799636115533318,2.861124694376528,2.6873250699720113,2.916466506538564,2.5721830985915495,2.9285159285159286,2.7918263090676882,3.009480222294868,2.678944618599791,3.0495846967027433,3.4629589398218554,3.6451612903225805,2.7755102040816326,2.887636003956479,3.1132259638848216,2.7362916006339146,4.086285083956367,3.482882882882883,4.156765676567657,4.121103547115729,3.878710771840543,4.227180010198878,3.0934174932371508,3.076240260380708,4.132370638,3.468688585542041,2.988664366683095,3.1136363636363638,3.146250629089079,3.171673819742489,3.463969658659924,2.8358291735995564,0,2,2,3.261285307834453
Race/Ethnicity,Asian,0.3881082933516107,0.23946860451913252,0.4229893113719993,0.8292451452766827,0.3233549293575833,0.31486599395848064,0.094146361,0.1808328102113413,0.19990453460620525,0.2774569102733185,0.29541734860883795,0.21875736854515446,0.16943305669433056,0.1088042049934297,0.12864808271168696,0.4412141598590421,0.15172401697709495,0.090737834,0.20679431747992588,0.16781281086458197,0.13688430698739978,0.22473324938697065,0.39892492293582654,0.1658045409674235,0.5497697190987926,0.5078815648579326,0.585029753,0.5431720430107527,0.3364089775561097,0.3399994702407756,0.5603133556434439,0.5325025551355146,0.31467707489505853,0.37221482059999084,0.423114334,0.21391443422630949,0.076813992,0.39863050483351237,0.23391812865497075,0.2,1,0.34376793585646925
Race/Ethnicity,Black/African American,0.043779986,0.017656409674122856,0.028955668477308568,0.012337567528106294,0.042073218,0.083681471,0.003681031,0.048169073,0.00353222,0.15753331211060076,0.046372068,0.050931384107521814,0.10133986601339866,0.039684625492772664,0.032587358,0.08561589,0.045494405275527026,0.18398744113029827,0.055836936,0.020544094113576404,0.068728522,0.042282457,0.26897307212187604,0.031747285,0.026305962,0.022760664392260377,0.029627309740056375,0.088333333,0.023049519059494122,0.020475194024315947,0.089139033,0.013446785454814121,0.096177922,0.017917030367069417,0.016137589530462463,0.012395041983206718,0.017726305837863388,0.036721267454350164,0.29239766081871343,0,0,0.052122970252894855
Race/Ethnicity,White,0.43248800548320765,0.6731009424321562,0.4740669353425618,0.10067163089502117,0.5224026227460776,0.34680892088180476,0.7784579682311047,0.6796400920694706,0.6755131264916467,0.4134794670062304,0.47490452809601746,0.556767272,0.5856914308569143,0.7573193166885677,0.7112943332024604,0.30317956110844146,0.4881090182047774,0.43893249607535323,0.5939468807906115,0.6596600493058259,0.6010309278350515,0.5562992908741468,0.12286958958550939,0.5256860809476802,0.1919007510061823,0.20726149861792464,0.18127153147510178,0.1378494623655914,0.4997149982187389,0.5000132439806109,0.15158198965622147,0.33027127535125417,0.3510567788496944,0.49340745164698857,0.44148465823680255,0.6745301879248301,0.6197116520917041,0.44810687432867885,0.38596491228070173,0.56,0,0.43427840260158695
Race/Ethnicity,Native American Indian,0.005140507,0.005166345,0.001489399,0.007446343,0.002458824,0.021370268012083037,0.002360661,0.002427286,0,0.004047478,0.001909438,0.012732846026880454,0.00109989,0.00131406,0.004449679,0.003684126,0.022799817601459188,0.010675039246467817,0.000247066,0.002595043,0.001718213,0,0.001426643,0.006594274,0.004273682,0.002415519,0.002254933,0.003817204,0.001389384,0.003708315,0.004145117,0.001256018,0.003976729,0.00206735,0.001503228,0,0.006854172,0,0,0,0,0.004864118
Race/Ethnicity,Native Hawaiian/Pacific Islander,0.005311857,0.000965141,0.007446995,0.002993138,0.00113184,0.001606787,0.004281199,0,0.000668258,0,0.005728314,0,0.00109989,0,0.004580552,0.005926638,0.002578133,0.028571429,0,0,0,0,0.012712404147453699,0.001145114,0.00746857,0.002017083,0.000438459,0.022419354838709677,0.000676879,0.000900591,0.001483115,0.006883474,0.001620149,0.002986172,0.000132638,0,0,0.0091971,0,0,0,0.003592657
Race/Ethnicity,Other/Two or More Races,0.12517135023989034,0.063642557,0.065051691,0.047306176,0.10857856529544922,0.23166655954752877,0.11707278037850598,0.088930739,0.120381862,0.14748283232525353,0.1756683033278778,0.16081112945060128,0.14133586641335866,0.092877792,0.1184399947650831,0.16037962518020182,0.2892946087200533,0.24709576138147565,0.14317479925880172,0.14938800224903767,0.1916380297823597,0.17668500231957054,0.19509336865972027,0.2690227048371175,0.2202813161279615,0.2576636700948776,0.20137801440651426,0.20440860215053763,0.13876024225151407,0.13490318650173497,0.19333738971706724,0.11563989213018261,0.23249134693276383,0.11140717600036752,0.11762755327615174,0.099160336,0.27889387851571734,0.10734425349087003,0.087719298,0.24,0,0.1613739169196693
Race/Ethnicity,% Latino (of Any Race),0.10366689513365318,0.064096741,0.063124233,0.033143525,0.096323472,0.23340188958159264,0.092625935,0.08876334,0.094606205,0.10996407294556369,0.1314784506273868,0.1304527234142891,0.131986801,0.06544021,0.084849278,0.15513374979977576,0.3441018625697148,0.271585557,0.148733786,0.1109813589377622,0.13676975945017184,0.11246603485983167,0.22260718925941966,0.30681145113524183,0.27351562175843325,0.30968448838309637,0.2241778891324773,0.22166666666666668,0.096009975,0.098720631,0.18371615454822027,0.078919824,0.22527432064216804,0.091560619,0.068220002,0.058376649340263896,0.2013708343181281,0.12298603651987111,0.070175439,0.24,0,0.1538698721494619
Age,0-4 Years,0.038468128855380396,0.020324741682752355,0.046171368,0.021974010804497006,0.023144173,0.038080854,0.067818989,0.043565599497802886,0.048973747,0.019737141297921687,0.033006001091107476,0.040497524168828104,0.056694330566943306,0.050197109,0.026043711556079048,0.030674355,0.039127995,0.024803767660910518,0.014453366,0.05254963,0.062542955,0.058254357,0.061090872,0.072852912,0.029500851,0.045471524,0.03382399,0.040215054,0.052618454,0.042380738,0.033236994219653176,0.046127892228693866,0.018999926356874586,0.052970092,0.055110974,0.054378249,0.11510281257385961,0.065588077,0,0,0,0.044136209
Age,5-17 Years,0.084132968,0.023901442,0.02006308,0.073879398,0.024197954882522833,0.067710007,0.065458328,0.073488177,0.10863961813842482,0.071080995,0.024549918166939442,0.064666352,0.038546145,0.070801577,0.071412991,0.064392119,0.08525378,0.1368916797488226,0.074984558,0.096016608,0.13298969072164948,0.08350454,0.1585866048454895,0.10590325765054294,0.12040994149620347,0.1290435042458351,0.13761352959599124,0.1382258064516129,0.077912362,0.13519455407517283,0.12062671128688773,0.1112438276545703,0.057883497,0.10203519088528507,0.099434079,0.1995201919232307,0.13850153627983927,0.090024168,0,0,0,0.09235703
Age,18-34 Years,0.29720699108978754,0.401952992,0.425091992,0.23061760840998685,0.3975880103036453,0.27337875184780513,0.4207178009842756,0.34379577317430426,0.2565155131264916,0.3463095183955614,0.26895799236224766,0.46380570620136763,0.3676132386761324,0.4228646517739816,0.2679404964446189,0.36849271183725774,0.33077273843347715,0.46373626373626375,0.24891908585546635,0.23485143376151552,0.19369988545246278,0.3554244814102989,0.23210964767024175,0.21765054294175715,0.213684079,0.2211569589361755,0.19862198559348576,0.20763440860215054,0.3417883861774136,0.18162795009668106,0.2505324003650745,0.21647846913519436,0.5125561528831284,0.3246198373684936,0.24146697320718014,0.11515393842463015,0.3505081541006854,0.39084317937701396,0,0.56,0,0.2938241180322265
Age,35-59 Years,0.3244516792323509,0.30208924718973545,0.3664797616961626,0.29106438896189224,0.3291702443212864,0.39498039719776334,0.2955627575721202,0.3305293994559531,0.34797136038186155,0.30105962071945064,0.2572285870158211,0.2718108936571563,0.4084091590840916,0.3349277266754271,0.4598874492867426,0.3628063431042768,0.39431407625662074,0.29073783359497646,0.3676343421865349,0.4315124778340037,0.3994272623138603,0.36417257604877723,0.3324841413395154,0.4018163869693978,0.386083565,0.3618796224817591,0.38791105543376136,0.3772043010752688,0.3163519771998575,0.3333245040129261,0.3292515972010952,0.36085901808912807,0.22637896752338169,0.3230578398493132,0.34364223185073833,0.36105557776889247,0.35428976601276296,0.3589554242749731,0.14035087719298245,0.44,0,0.3532744450205732
Age,60 and older,0.25574023303632626,0.25173157715453615,0.1421937970912914,0.38246459337129507,0.22589961751619703,0.22584999035927758,0.1504421237946625,0.20862105042896004,0.23789976133651553,0.2618127245440902,0.41625750136388434,0.1592195236972412,0.12873712628737127,0.12120893561103811,0.17471535139379663,0.17363447060707993,0.15053141113332633,0.083830455,0.2940086473131563,0.18506984991998615,0.211340206,0.13864404533103586,0.2157287341094948,0.20177690029615006,0.25032156342060496,0.24244839006897925,0.24202943939868463,0.23672043010752689,0.21132882080513002,0.3074722538606203,0.26635229692728934,0.2652907928924134,0.1841814566610207,0.19731703955529012,0.2603457423291184,0.2698920431827269,0.041597731032852754,0.094589151,0.8596491228070176,0,1,0.21640819786288315
Educational Attainment,High School or Less,0.19257762654189706,0.1513420902341519,0.10308365454734868,0.6596730483433867,0.18608326560101146,0.39735048032228076,0.049692194,0.065030189,0.070179699,0.20237576285963382,0.1876528117359413,0.12423275227105328,0.13928313687755592,0.062289562,0.07071923,0.25027701498289734,0.2440723145381457,0.28069226608977826,0.15614713038500072,0.076781197,0.081404381,0.08213914,0.459040617,0.23410128996637053,0.4072135266712035,0.42229685665840616,0.42532729917569095,0.5052486787808587,0.12885510939284772,0.13020655804758333,0.3681858802502234,0.2552949249820643,0.19073884043099026,0.12047491560935863,0.1696133226873503,0.071269488,0.087694974,0.1711299239806496,0.4444444444444444,0,1,0.22593033939117727
Educational Attainment,Some College/Associate Degree,0.17949808592088473,0.10774795355035217,0.10219814564017085,0.11478276073083311,0.16314458592973902,0.23907654167957856,0.083230731,0.12110264277937247,0.10830500242836329,0.16603095030514387,0.1754278728606357,0.13528111956788608,0.15275439018522974,0.13105413105413105,0.12970207643695456,0.2024859083682613,0.15086308820052022,0.3174689021092482,0.18305424359524833,0.12995362563237775,0.14463259282274352,0.12304859498839164,0.2698670126500162,0.18164934999749033,0.24011935298120715,0.2726946654493283,0.28600290932600614,0.24476942011148917,0.12731745892276602,0.18378894266821189,0.24540760599741834,0.20696216351102653,0.25756798358132377,0.16779187521825165,0.20534390327363977,0.09688196,0.056845754,0.12102626123013131,0.1286549707602339,0.2,0,0.1789020986430449
Educational Attainment,College Degree,0.36091025095703955,0.4268671870042515,0.3767059068652985,0.14870180959874116,0.4002528673349589,0.24674620390455532,0.5533119921201675,0.4400673067405721,0.47826614861583294,0.36083260680034873,0.3713325183374083,0.46108519518782226,0.4110536444551359,0.4799274799274799,0.41779516501153574,0.33444139326492267,0.37560996582041745,0.3104380746349378,0.36825533132961213,0.37552698145025293,0.3616591579928538,0.43559362741173646,0.18924568421811366,0.311900818,0.2415327435481338,0.23043563323333768,0.19589461774688863,0.19011076522116846,0.4204375713909147,0.3756561456131979,0.2637275345050144,0.3686952181914595,0.35659312467932275,0.4263182400186241,0.3875327934299076,0.3585746102449889,0.48596187175043326,0.2950932964754665,0.17543859649122806,0.4,0,0.35385481785102085
Educational Attainment,Graduate/Professional Degree,0.26701403658017864,0.31404276921124435,0.418012293,0.076842381,0.2505192811342906,0.11682677409358537,0.313765082,0.3737998614272988,0.3432491500728509,0.2707606800348736,0.2655867970660147,0.2794009329732384,0.29690882848207845,0.32672882672882675,0.3817835289397131,0.2127956833839187,0.2294546314409166,0.091400757,0.29254329469013884,0.41773819561551434,0.4123038682616125,0.3592186374189416,0.081846686,0.2723485418862621,0.11113437679945558,0.074572845,0.092775174,0.059871135886483746,0.32338986029347155,0.3103483536710069,0.12267897924734386,0.16904769331544964,0.19510005130836328,0.2854149691537656,0.2375099806091023,0.4732739420935412,0.36949740034662043,0.4127505183137526,0.25146198830409355,0.4,0,0.24131274411475698
Nativity,Foreign Born,0.341329678,0.24298853184966504,0.3995969861573506,0.7106876916338152,0.31039731480758725,0.4337361012918568,0.1580042411875325,0.21288972588407618,0.20782816229116946,0.359452453,0.33006001091107473,0.23449658099504833,0.20007999200079993,0.13818659658344284,0.18645029010164463,0.4541086016338299,0.3019923532919429,0.3246467817896389,0.24410129709697345,0.23147787725444402,0.20515463917525772,0.21412949831002717,0.3938552467327338,0.2729318854886476,0.5498941952616074,0.4759817715466793,0.49846539304729093,0.5195698924731182,0.2823655147844674,0.2779116891372871,0.48250684514755093,0.399869473,0.3610722439060314,0.2875453668397115,0.33119639225395703,0.20151939224310275,0.16450011817537225,0.4182330827067669,0.2631578947368421,0.44,1,0.34113262804397104
Language Spoken at Home,English Only,0.6019780807270784,0.7202132591562355,0.556076054,0.2310218705680376,0.660154221,0.47469348211004575,0.8308867713966864,0.7787258248009101,0.7759486046978519,0.5950823474831826,0.6335684062059238,0.6808379922590158,0.7767648929404283,0.8492529053680132,0.8121024814118069,0.5034289019251426,0.5899027141475167,0.5634256278171281,0.7598395587866633,0.7605222313521409,0.737781036,0.7421534130893737,0.45974765974765974,0.6172487223168655,0.2768277041470714,0.3296026714669589,0.3489141004862237,0.28657853461796995,0.643251984,0.6536940226260615,0.3652348359688459,0.4779701276738572,0.5159522558366489,0.6270980886775978,0.5842126196102285,0.825369979,0.8058226495726496,0.48379912350025145,0.7017543859649122,0.56,0,0.5733308848225354
Language Spoken at Home,Spanish Only,0.044640470462443196,0.042188224,0.051024157,0.023438083,0.041312078,0.1800688203654829,0.04996137,0.047694057932965786,0.064846416,0.064857342,0.057545839210155145,0.070037476,0.075312699,0.026784726065301606,0.049762609,0.11096422374617863,0.2739518498913976,0.2031551835157759,0.084607671,0.081804072,0.10019550342130987,0.070654469,0.1781305114638448,0.2401618398637138,0.24792646430098333,0.24291043802666248,0.13419773095623988,0.1616065426842931,0.063738578,0.050147982,0.14609393438753834,0.047480732736919565,0.14751144808948277,0.050063064,0.031420349530917345,0.041014799154334036,0.081730769,0.10252173288310942,0.070175439,0.24,0,0.1083828472153425
Language Spoken at Home,Asian/Pacific Islander,0.28049541120912413,0.1746059341678257,0.2604482410214017,0.7317309845487796,0.21918574453633785,0.2319847659773494,0.049102927289896126,0.093681631,0.084621562,0.19707724425887266,0.25585331452750354,0.13411562327210175,0.068687725,0.054620919,0.067320613,0.3166157151119557,0.082282293,0.089504185,0.090749561,0.068793938,0.065371457,0.10450387051372273,0.34727988061321396,0.098424191,0.4533561351004703,0.40225926795544076,0.49711507293354945,0.499439839,0.20573083142180273,0.22667551793765386,0.46050664778538275,0.41246788789486594,0.1873733203212972,0.2579800135830018,0.28921694780431884,0.1010570824524313,0.038995726495726496,0.26596738271427545,0.22807017543859648,0.2,1,0.24823791792817326
Language Spoken at Home,Other European Languages,0.065846922,0.058414465,0.12942040966290072,0.013809061730238112,0.065204363,0.080379514,0.065456262,0.076923077,0.072776551,0.10150777081883554,0.05303244,0.10235301345456779,0.061479754080983676,0.062645268,0.060109289617486336,0.05882839,0.045156698,0.11526078557630393,0.058285284532464274,0.08426915,0.068304008,0.078395496,0.012481345814679148,0.039352640545144806,0.016460026,0.020583861626359865,0.01815235,0.048061842,0.083217388,0.062622742,0.018763276,0.049778604,0.13820283762480295,0.058115843601435915,0.081136092,0.03255814,0.070779915,0.089877146,0,0,0,0.059583383
Language Spoken at Home,Other Languages,0.007039116,0.004578118,0.003031138,0,0.014143593431619321,0.032873417,0.004592669,0.002975409,0.001806866,0.041475296,0,0.012655894820912944,0.017754929,0.006696182,0.010705007614440563,0.010162769561265802,0.008706445,0.028654218,0.006517924,0.004610609,0.028347996089931573,0.004292752,0.002360602,0.004812606,0.005429671,0.004643761,0.001620746,0.004313242,0.004061219,0.006859735,0.009401306,0.012302647715683616,0.010960138127768186,0.00674299,0.014013991,0,0.00267094,0.057834614555643364,0,0,0,0.010464967367955599
Linguistic Isolation,% of All Households,0.14764323264724227,0.050880853,0.061127951,0.49190117190415766,0.10699588477366255,0.19714027995857414,0.015409048,0.021002887897085848,0.037241517767516566,0.10628624449083739,0.18815232722143865,0.060514836886404126,0.024750900996396014,0.007692308,0.00868942,0.16409154755019417,0.07191487,0.11526078557630393,0.024191526698420656,0.009723363,0.028714565004887584,0.02104152,0.15596255596255595,0.052981261,0.14330910645575032,0.11001539224126686,0.1413290113452188,0.13421465382030023,0.049148272,0.052194839,0.155849264,0.10126124730516504,0.079798814,0.081886097,0.10118615913716866,0.027484144,0.019764957264957264,0.13140311804008908,0,0,1,0.093610837
Linguistic Isolation,% of Spanish-Speaking Households,0.003385904,0.003245248,0.008220814,0.012614764499514817,0.003515922,0.044332342,0.000300455,0.002581605,0,0.014474599860821155,0,0.012225840142532408,0.006253975,0.002324294,0.001119771,0.047261009667024706,0.052256922,0.06310367,0.016545500125344698,0.005341002,0.005376344,0.003940887,0.037959571,0.038756388415672915,0.030354852501068834,0.029949649109076205,0.012058347,0.010138920008962582,0.000752078,0.00121705,0.02769255,0.00189768,0.033556039,0.002085961,0.002035421,0,0,0.018607658596163517,0,0,0,0.016256823008913707
Linguistic Isolation,% of Asian-Speaking Households,0.12946627461463067,0.042999536,0.043492238,0.47674852578935584,0.096328259,0.11699462132095012,0.008369817,0.014614509,0.025898414,0.066341916,0.1763046544428773,0.034895865,0.014362942548229807,0.001715551,0.00541969,0.10741138560687433,0.017120849836640077,0.014810045074050225,0.007646027,0.003971515,0.009775171,0.014989444053483462,0.11344458011124678,0.012989778534923339,0.10974775545104745,0.078735227,0.12447325769854133,0.11920233027111808,0.044034144,0.045998949,0.12658327432932107,0.091179014,0.029427220178665267,0.067235859,0.068034532,0.027484144,0.007745726,0.10165960198290107,0,0,1,0.068662606
Linguistic Isolation,% of Other European-Speaking Households,0.012296177492649024,0.004636069,0.009414899,0.001119654,0.004994207,0.018173921758594194,0.006738776,0.002800385,0.011343103794418791,0.022964509394572025,0.011847672778561354,0.012410149,0.003391986,0.003652463,0.00214996,0.007394861,0.002226806,0.03734707,0,0.000410846,0.011974584555229716,0.002111189,0.002062135,0.001235094,0.000598546,0.000626125,0.000842788,0.000672194,0.00436205,0.00497884,0.00078672,0.004569924,0.016815554387808723,0.007519162,0.024635612848887538,0,0.012019231,0.011135857461024499,0,0,0,0.006502246
Linguistic Isolation,% of Households Speaking Other Languages,0.000891027,0,0,0,0.002157497,0.015467878261450572,0,0,0,0,0,0.000982982,0.000741997,0,0,0.002024291,0,0,0,0,0.001588465,0,0,0,0.000598546,0,0,0.001960565,0,0,0,0.001187664,0,0.003735326,0.005778724,0,0,0,0,0,0,0.001309631
Housing,Total Number of Units,7490,11322,15848,7467,17897,20903,14431,15231,5552,13109,2459,6812,11191,9074,13001,15318,26164,679,3795,11740,3827,8043,12946,10040,6824,11815,5079,5340,13034,14908,8374,29094,5493,9685,20858,1039,1379,7343,0,17,99,404720
Housing,Median Year Structure Built,1948.6144578313254,1939,2002.771551724138,1939,1939,1939,1939,1939,1939,1969.0974440894568,1973.3088235294117,1939,1939,1939,1939,1998.4395132426628,1939,1956.7412935323382,1963.2015590200444,1939,1954.3773946360154,1972.8670360110802,1967.6570289132603,1939,1939,1942.8609785202864,1953.5903983656792,1952.008097165992,1943.5466461063993,1939,1946.4,1944.7727272727273,1956.853898096992,1939,1939,1939,1946.0915492957747,2007.3196276183087,0,1959,2003.4868421052631,1944.3332959200852
Housing,Owner Occupied,0.19764440141981285,0.2334431806101839,0.33495988751964273,0.069875058,0.13699374830116878,0.033254288,0.2608487936937654,0.310272374,0.3842803405266284,0.2073479361200803,0.082719792,0.33505988993201685,0.1933565716629075,0.2710429447852761,0.42386866281047975,0.1994949494949495,0.2608847547927857,0,0.41647791619479047,0.48608276118018184,0.6085023617671576,0.445450803,0.5227272727272727,0.5742737676056338,0.6865875912408759,0.683590613,0.6474332648870637,0.5935621485359706,0.4141819092959158,0.7922151450813871,0.6987058675713029,0.6617407367162882,0.061021171,0.3337430167597765,0.41960681520314547,0.7427937915742794,0.008142117,0.31409678388938983,0,0,0,0.38216941382307834
Housing,Renter Occupied,0.8023555985801871,0.7665568193898161,0.6650401124803573,0.9301249421564091,0.8630062516988312,0.9667457122373573,0.7391512063062345,0.689727626,0.6157196594733716,0.7926520638799197,0.9172802078822001,0.6649401100679831,0.8066434283370925,0.728957055,0.5761313371895203,0.8005050505050505,0.7391152452072143,1,0.5835220838052095,0.5139172388198181,0.39149763823284245,0.554549197,0.4772727272727273,0.4257262323943662,0.3134124087591241,0.31640938699027393,0.35256673511293635,0.4064378514640295,0.5858180907040842,0.20778485491861287,0.30129413242869707,0.3382592632837118,0.9389788293897883,0.6662569832402234,0.5803931847968545,0.2572062084257206,0.9918578830495929,0.6859032161106101,0,1,1,0.6178305861769217
Housing,Vacant Units,0.17249666221628837,0.16913972796325738,0.2370646138313983,0.13177983125753315,0.1777392859138403,0.13251686360809453,0.12972074,0.15632591425382444,0.090237752,0.12586772446410863,0.061000406669377796,0.093071051,0.1284067554284693,0.10182940268900155,0.095761864,0.14688601645123384,0.12478978749426693,0.042709867452135494,0.069301713,0.081942078,0.059576692,0.093994778,0.082342036,0.094820717,0.036342321,0.051460008,0.041149832644221306,0.034269662921348316,0.081402486,0.052186745,0.049558156,0.051041452,0.12288367012561442,0.075890552,0.085482788,0.13185755534167468,0.020304569,0.093830859,0,0,0,0.10747677406602095
Housing,For Rent,0.24613003095975233,0.22767624020887728,0.25126430662762844,0.4034552845528455,0.33700094309965417,0.44801444,0.074786325,0.2259554808903822,0,0.20666666666666667,0.64,0.3249211356466877,0.313848295,0.17424242424242425,0.3076305220883534,0.49822222222222223,0.31454823889739664,1,0.5475285171102662,0.21933471933471935,0.15789473684210525,0.3148148148148148,0.1303939962476548,0.12184873949579832,0.032258065,0.13322368421052633,0.3062200956937799,0.076502732,0.097078228,0.052699229,0.25060240963855424,0.17845117845117844,0.5911111111111111,0.10204081632653061,0.1850813236118901,0,0,0.35413642960812775,0,0,0,0.2646788358085429
Housing,For Sale Only,0,0.026631853785900782,0.084642002,0,0.00911663,0,0.03258547,0,0.03992016,0,0,0,0,0,0.006425703,0.013777777777777778,0.023583461,0,0,0,0.16228070175438597,0.035714286,0.0684803,0.033613445,0,0.11677631578947369,0.076555024,0,0,0.052699229,0.019277108,0.005387205,0,0,0.062254627033090294,0,0,0.092888244,0,0,0,0.024897696
Housing,"Rented or Sold, Not Occupied",0.035603715,0.04229765,0.088102209,0.092479675,0.13549198365293932,0.099638989,0.16452991452991453,0.1616967660646787,0.4590818363273453,0.296969697,0,0.093059937,0.3298538622129436,0.42207792207792205,0.46586345381526106,0.096888889,0.32863705972434915,0,0.2813688212927757,0.41372141372141374,0.27631578947368424,0.14682539682539683,0.16416510318949343,0.5189075630252101,0.2540322580645161,0.088815789,0,0,0.33364750235626767,0.6259640102827764,0.05060241,0.298989899,0.1362962962962963,0.1564625850340136,0.12787436904094224,0,0,0.098693759,0,0,0,0.20010115407604948
Housing,"For Seasonal, Recreation or Occasional Use",0.2306501547987616,0.34308093994778066,0.42720255523023687,0.093495935,0.20559572461490097,0.047653429602888084,0.30288461538461536,0.3385132297354053,0.057884232,0.1406060606060606,0.24,0.14353312302839116,0.08072373,0.30194805194805197,0.12289156626506025,0.14888888888888888,0.10290964777947932,0,0.095057034,0.22661122661122662,0,0.18783068783068782,0.1022514071294559,0.066176471,0.032258065,0.052631579,0,0.15300546448087432,0.25070688030160226,0.025706941,0.036144578,0.084848485,0.044444444444444446,0.272108844,0.12058328659562535,0.8759124087591241,0,0.095791001,0,0,0,0.1862384477447239
Housing,Other Vacant,0.48761609907120745,0.360313316,0.14878892733564014,0.4105691056910569,0.3127947186419365,0.4046931407942238,0.4252136752136752,0.2738345233095338,0.4431137724550898,0.3557575757575758,0.12,0.41798107255520506,0.2755741127348643,0.10173160173160173,0.097188755,0.24222222222222223,0.23032159264931087,0,0.076045627,0.14033264033264034,0.40350877192982454,0.3148148148148148,0.5347091932457786,0.25945378151260506,0.6814516129032258,0.6085526315789473,0.6172248803827751,0.7704918032786885,0.31856738925541944,0.24293059125964012,0.6433734939759036,0.43232323232323233,0.22814814814814816,0.46938775510204084,0.504206394,0.12408759124087591,1,0.3584905660377358,0,0,0,0.3237850016092694
Housing,Median Year Moved in to Unit (Own),2007.46,2008.235294117647,2012.700871,2006.1708860759493,2010.272373540856,2009.9330357142858,2007.7777777777778,2008.3439201451906,2007.5584795321638,2010.479094076655,2007.857142857143,2008.4957627118645,2011.4271457085829,2008.060975609756,2007.1018697614443,2014.9724842767296,2008.4719260838665,0,2002.8247734138972,2007.6854020296644,2003.54,2009.1908975979773,2004.4314489928524,2004.1058052434457,2002.411083540116,1999.4979402677652,2000.2800953516091,1995.9950657894738,2000.2988215488215,1999.8894518654997,2000.6301089918256,2000.2593037214885,2015.158273381295,2000.1591760299625,1998.3423099940155,2003.2278481012659,2005,2014.4730679156908,0,0,0,2004.4197714391898
Housing,Median Year Moved in to Unit (Rent),2012.9573863636363,2012.7037157757497,2015.995270469997,2010.2842465753424,2014.690082644628,2014.043312101911,2015.390608034745,2015.1144157814872,2014.6666666666667,2014.3229487970389,2015.0215633423181,2014.1489361702127,2014.9095022624435,2015.1515994436718,2013.7421929215823,2015.2320754716982,2013.3196493181185,2015.0676691729323,2012.3462929475588,2015.1632064590542,2011.7409638554218,2015.720467032967,2012.0952092177076,2012.478471474704,2011.4590592334496,2010.2642073778663,2012.2645211930926,2010.5367647058824,2015.0519801980197,2014.770867430442,2013.8511029411766,2012.2210197210197,2013.1002824858756,2012.613128,2012.24646,2015.0204081632653,2015.606635,2015.6612672701285,0,2015.7777777777778,2005.3389830508474,2014.1096533311083
Housing,Percent in Same House Last Year,0.8678387650085764,0.7751664485289933,0.7059108527131783,0.9230938577823439,0.7718742669481585,0.8167185877466251,0.7404670050761422,0.79266799,0.7948569218870843,0.8337140246687985,0.8079650845608293,0.7114129790010677,0.8041911576795298,0.7797625414482833,0.8311568394670887,0.7465167637020679,0.8376646367370061,0.7683042789223454,0.8015873015873016,0.848421328,0.8904363974001857,0.8213778649178555,0.934988911,0.9035764235764235,0.9088777219430486,0.9291397876452723,0.9679949399114485,0.9476851349886154,0.8136710867685212,0.9173066666666667,0.9276087205528617,0.9094798104784052,0.6399231678486997,0.8583082271147161,0.8594363102311711,0.9314792422410318,0.6787654320987654,0.7299250170415814,0.8421052631578947,0.44,1,0.8455140961567382
Housing,Percent Abroad Last Year,0.029845626072041165,0.020884311,0.033826638,0.006677919,0.021463757916959886,0.012461059190031152,0.01835533,0.00781349,0.013727764887857695,0.015532206486980357,0.014729950900163666,0.025863092,0.011091234,0.010161514600492031,0.017763707514400037,0.02397109,0.012622149837133551,0.005071315,0.011036706,0.007118215,0.008240483,0.012169562571834224,0.003507143,0.004795205,0.024958123953098828,0.004216973,0.004301075,0.004228559,0.008035457,0.012186666666666667,0.005650796,0.005956748,0.017952128,0.010104287369640788,0.004192919,0.00241838,0.006419753,0.048398091,0,0.2,0,0.012385359069326068
Housing,"Overcrowding, Renter Occupied Housing",0.09430927,0.025793926,0.10782241014799154,0.26683250414593696,0.084173228,0.1618938961779806,0.017235807,0.042874873067809995,0.04340836,0.051634922382472755,0.050519358,0.048198636806231744,0.035332994407727504,0.011782528,0.017865052413996753,0.13631583978587133,0.11657311669128508,0.1076923076923077,0.063561378,0.022206174399711138,0.048970901348474094,0.082405345,0.12345679012345678,0.11320754716981132,0.16642406598738477,0.21122391426959955,0.10425160163075131,0.1693702290076336,0.035643,0.019073569,0.10508757297748124,0.071528001,0.074933687,0.016937782995136676,0.054556951,0,0.014179104477611941,0.075591586,0,0,0.050505050505050504,0.082823268
Structure Type,Single Family Housing,0.070493992,0.065624448,0.066885411,0.022097228,0.036207185561826005,0.009185284,0.12687963412098954,0.14982601273718074,0.2802593659942363,0.056602334,0.061407076047173645,0.115237816,0.078723975,0.1369847917125854,0.21706022613645104,0.038386212299255776,0.1517352086836875,0.30338733431516934,0.3997364953886693,0.3844974446337308,0.6171936242487588,0.23846823324630112,0.5741541788969566,0.548406375,0.8352872215709262,0.8155734236140499,0.8127584170112226,0.7617977528089888,0.39435323,0.8857660316608532,0.8008120372581801,0.7448958548154259,0.1591115965774622,0.21982447083118223,0.32759612618659506,0.7776708373435997,0.25090645395213923,0.015661174,0,0.17647058823529413,0,0.3088703301047638
Structure Type,2-4 Units,0.3177570093457944,0.28095742801625156,0.002082282,0.12280701754385964,0.10113426831312511,0.018466248863799453,0.3177880950731065,0.14805331232355065,0.27953890489913547,0.11213669997711496,0.092313949,0.4768056371109806,0.228129747,0.4053339210932334,0.3965079609260826,0.064107586,0.3180324109463385,0.35198821796759944,0.092753623,0.3522998296422487,0.2545074470864907,0.26420489866965063,0.17209949019002008,0.3450199203187251,0.10126025791324736,0.091747778,0.1141957078164993,0.11123595505617978,0.3174773668866043,0.049570700295143544,0.11786481967996179,0.1764625008592837,0.118332423,0.4601961796592669,0.407661329,0.13763233878729547,0.5286439448875997,0.009124336,0,0,0,0.20939909072939317
Structure Type,5-9 Units,0.18237650200267022,0.18521462639109698,0.007004038,0.12615508236239453,0.11471196289880986,0.015308807348227527,0.13775899106091055,0.15435624712756876,0.12896253602305474,0.098405675,0.010573404,0.16764533176746918,0.16557948351353766,0.21478950848578357,0.1600646104145835,0.056795926,0.17011924782143403,0.26362297496318116,0.14808959156785242,0.12793867120954003,0.021949307551607004,0.052343653,0.061563417,0.036354581673306775,0.012309496,0.043419382,0.016538688718251624,0.077715356,0.11308884456038054,0.015629192,0.012061141628851206,0.042723585619027976,0.04569452,0.16375838926174496,0.12364560360533129,0.036573628,0.047135606,0,0,0.29411764705882354,0,0.094354121
Structure Type,10-19 Units,0.062082777036048066,0.2087087087087087,0.017794043,0.17557251908396945,0.19640163155836174,0.057025307,0.2833483473078789,0.20116866916157836,0.15922190201729106,0.11945991303684492,0.1268808458723058,0.1396065766294774,0.1830935573228487,0.16145029755344942,0.097146373,0.082647865,0.10101666411863629,0.057437408,0.23241106719367588,0.042248722,0.016200679,0.089518836,0.028580256449868686,0.018127490039840637,0.019196951934349355,0.039441388066017775,0.018310691,0.029400749063670413,0.09421513,0.014824255,0.002866014,0.014779679659036227,0.082832696,0.13185338151781104,0.081839103,0.048123195,0,0.001225657,0,0.29411764705882354,0.04040404,0.09312117
Structure Type,20 Units or More,0.36261682242990656,0.2594947889065536,0.9055401312468451,0.5492165528324628,0.5515449516678773,0.8976701908816916,0.13304691289584922,0.3460048585122448,0.15201729106628242,0.6123274086505455,0.708824725,0.1007046388725778,0.34322223215083547,0.076261847,0.12783632028305514,0.7580624102363233,0.25256077052438464,0.023564064801178203,0.12015810276679842,0.090374787,0.090148942,0.3554643789630735,0.1565734589834698,0.045717131474103584,0.031213364595545134,0.006601777,0.038196495,0.018352059925093634,0.07549486,0.033270727,0.065560067,0.020691551522650717,0.5927544147096304,0.024367578729994836,0.059257838718956755,0,0.1602610587382161,0.9739888329020836,0,0.23529411764705882,0.9595959595959596,0.2922588456216644
Structure Type,Other Type,0.004672897,0,0.000694094,0.0041516,0,0.002344161,0.00117802,0.0005909,0,0.001067969,0,0,0.001251005,0.005179634,0.001384509,0,0.006535698,0,0.00685112,0.002640545,0,0,0.007029198,0.006374502,0.000732708,0.003216251,0,0.001498127,0.005370569,0.000939093,0.000835921,0.000446828,0.001274349,0,0,0,0.013052937,0,0,0,0,0.001996442
Unit Size,No Bedroom,0.20774365821094792,0.10528175234057587,0.21195103483089348,0.4870764698004553,0.3249706654746606,0.6264172606802851,0.12701822465525606,0.1758256188037555,0.078350144,0.19475169730719352,0.32574217161447744,0.084263065,0.20436064694844072,0.074057747,0.10445350357664795,0.3926100013056535,0.17149518422259594,0,0.13465085638998683,0.046848381601362864,0.032923961,0.15069004102946662,0.03630465,0.04123506,0.032385698,0.030808295,0.049419177003347116,0.025280898876404494,0.085085162,0.012141132,0.037377597,0.025606654,0.11068632805388677,0.06484254,0.065730175,0,0.022480058013052938,0.10064006536837805,0,0,0.050505050505050504,0.1540077090334058
Unit Size,1 Bedroom,0.3485981308411215,0.39206853912736267,0.33568904593639576,0.20342841837417971,0.3928032631167235,0.28005549442663735,0.361444113,0.36497931849517434,0.27953890489913547,0.40300556869326415,0.4087027246848312,0.31679389312977096,0.3268698060941828,0.3242230548820807,0.3204368894700408,0.3463898681289986,0.26528818223513223,0.036818851251840944,0.247167325,0.2593696763202726,0.15521296054350667,0.2288946910356832,0.12413100571605129,0.1745019920318725,0.060228604923798355,0.081760474,0.089190786,0.079588015,0.2574804357833359,0.051113496109471426,0.093981371,0.093180725,0.3362461314400146,0.24336602994321116,0.22485377313261098,0.025986526,0.076867295,0.36892278360343184,0,0.7058823529411765,0.9090909090909091,0.25219905119588854
Unit Size,2 Bedrooms,0.29212283044058746,0.3400459282812224,0.33196617869762746,0.1834739520557118,0.20338604235346705,0.057312348,0.29256461783660176,0.22992580920491104,0.2512608069164265,0.22808757342283928,0.15697437982919887,0.3417498532002349,0.31462782593155214,0.25391227683491296,0.3149757710945312,0.18801410105757932,0.3177648677572237,0.25184094256259204,0.3061923583662714,0.31848381601362863,0.36503788868565457,0.3777197563098346,0.36451413564035223,0.3493027888446215,0.3801289566236811,0.35674989420228526,0.38038984051978736,0.4067415730337079,0.3132576338806199,0.25087201502548967,0.3636255075232864,0.3765724891730254,0.3990533406153286,0.35157459989674755,0.35128008438009395,0.2030798845043311,0.20232052211747642,0.43034182214353806,0,0,0,0.2977070567305792
Unit Size,3-4 Bedrooms,0.14138851802403204,0.1584525702172761,0.1129480060575467,0.09347797,0.072581997,0.02152801,0.1948582911787125,0.1863961657146609,0.32222622478386165,0.16767106568006712,0.1024806832045547,0.24427480916030533,0.14761862210705032,0.31650870619351995,0.23890469963848934,0.060647604,0.22775569484788258,0.6715758468335787,0.2951251646903821,0.3460817717206133,0.437940946,0.23038667163993534,0.44253051135485866,0.41523904382470117,0.451348183,0.48421498095641136,0.43236857649143534,0.4705992509363296,0.31855148074267303,0.5973973705393077,0.45605445426319563,0.46263834467587817,0.1500091024940834,0.30604026845637583,0.315418544,0.6467757459095284,0.659173314,0.10009532888465204,0,0,0.04040404,0.2687339395137379
Unit Size,5 or More Bedrooms,0.010146862483311082,0.00415121,0.007445734,0.03254319,0.006258032,0.014686887049705784,0.024114753,0.042873088,0.068623919,0.006484095,0.006100041,0.012918379330593071,0.006523099,0.031298215,0.021229136220290747,0.012338425381903642,0.017696070937165572,0.039764359351988215,0.016864295,0.029216354344122657,0.008884244,0.012308839985080195,0.032519697,0.019721115537848607,0.075908558,0.046466356326703345,0.04863162,0.017790262172284643,0.025625288,0.088475986,0.04896107,0.042001787,0.004005097,0.034176562,0.042717422571675136,0.12415784408084697,0.039158811,0,0,0.29411764705882354,0,0.027352243526388615
Housing Prices,Median Rent,1908.2236842105262,2389.216512,2872.464898595944,805.7352941176471,1923.5622672734794,1138.5135135135135,2851.463739,2651.6129032258063,2533.9506172839506,1687.6218323586745,1695.110701107011,2145.6473214285716,2313.041385948027,2704.630788485607,2306.6528066528067,1520.5066344993968,2096.004151530877,2300.518134715026,2423.245614035088,2689.604377104377,2247.1153846153848,3237.3076923076924,1267.9340028694405,2030.5486284289277,1932.8817733990147,2000.6605019815058,2010.9126984126983,1266.9354838709678,2572.873658133774,2974.226804123711,2555.309734513274,2398.463593854375,2191.9191919191917,2360.344827586207,2001.6840171463564,2438.7755102040815,3500.516853932584,2900.9287925696594,0,2694.4444444444443,276.05263157894734,2130.0673933225594
Housing Prices,Median Contract Rent,1826.9656699889258,2301.0695187165775,2775.8741258741256,765.6387665198238,1872.6832350463353,1090.9253945480632,2781.377106333527,2561.0419906687403,2438.133874239351,1649.9556344276841,1685.5263157894738,2054.0048543689322,2240.3153153153153,2559.574468085106,2237.596471885336,1476.7945544554455,1991.9623059866963,2245.4545454545455,2395.8333333333335,2605.744680851064,2099.8098859315587,3169.817073170732,1114.7672552166935,1914.9159663865546,1771.2527964205817,1772.644927536232,1845.0095969289828,1210.1293103448277,2511.3636363636365,2792.929292929293,2317.180616740088,2232.946298984035,2103.1088082901556,2292.1225382932166,1899.7315159025197,2431.818181818182,3500.3011583011585,2882.7838827838827,0,2694.4444444444443,273.54651162790697,2030.481368098807
Housing Prices,Median Rent as % of Household Income,25.91378048780488,20.08482428115016,20.34051054384018,31.755521472392637,26.109234731420162,30.45172678434382,20.203136933987995,20.02232968881413,23.066831683168317,25.44009475,23.863389121338912,21.992266462480856,23.380699999999997,20.757009694258016,20.355212922173276,27.055166666666665,21.98922627080522,23.46453488372093,23.912347560975608,21.59681328545781,19.499086757990867,21.064482200647248,32.69904513888889,21.74793307086614,26.475,30.262162162162163,35.80838509,30.096544715447152,23.232708333333335,21.356100217864924,29.463815789473685,25.652583862194017,31.800936329588016,22.69931330472103,24.923849525200875,28.54,23.577298850574714,25.239668874172185,0,25.572222222222223,31.57016129032258,24.75954651481888
Housing Prices,Rent Burdened,0.40317715664588777,0.29787824157537096,0.33105335157318744,0.5058043117744611,0.3905511811023622,0.46965202509982884,0.2455025315092104,0.29121065102109894,0.28713826366559486,0.36034349884399425,0.3980169971671388,0.29795520934761444,0.3059227249618709,0.23076923076923078,0.3127122397755795,0.41114616193480547,0.32023633677991137,0.3984615384615385,0.2789907811741873,0.27568153096226755,0.3030518097941803,0.2826033160108884,0.508994709,0.28637890927888343,0.42358078602620086,0.4514946418499718,0.569015725,0.44513358778625955,0.3551468491588252,0.24931880108991825,0.4341117597998332,0.35892493843023876,0.49248452696728556,0.2733523394264632,0.337367898,0.47413793103448276,0.3119402985074627,0.3781770376862401,0,0.17647058823529413,0.6666666666666666,0.35670821869931085
Housing Prices,Extremely Rent Burdened,0.18922179770762115,0.1582304812092636,0.12088048750155453,0.2671641791044776,0.17566929133858267,0.22413006274957217,0.092642465,0.1469028545639174,0.14180064308681672,0.1857315864802378,0.24645892351274787,0.16723466407010712,0.1367564819522115,0.069180273,0.15384615384615385,0.18669343275021508,0.14038404726735598,0.21846153846153846,0.078117419,0.12312691821628453,0.1334279630943932,0.1432813659985152,0.25573192239858905,0.15171879038511243,0.21542940320232898,0.20022560631697686,0.25742574257425743,0.26145038167938933,0.19147419446820643,0.14271117166212535,0.19974979149291075,0.1831031159653068,0.3541114058355438,0.14472580915646488,0.15545117875530665,0.34913793103448276,0.18955223880597014,0.13869412795793165,0,0,0.04040404,0.17127443160941686
Housing Prices,Median Home Value,1547413.7931034483,1296108.291032149,1384226.8842268842,1228693.1818181819,1197336.5617433414,861550.6329113924,2000000.2195652174,1728785.9007832897,2000000.3367609254,876315.7894736843,2000000.0104166667,1332072.6172465961,1295570.6984667801,1621363.6363636365,1414008.6206896552,892169.1792294807,1246978.8519637461,0,1243367.3469387754,1843122.4899598393,1488486.8421052631,1285308.056872038,873552.1235521236,1371336.9963369963,1057125.3071253072,986317.6373399422,1037249.8146775389,874369.5965417868,1519473.293768546,1532855.808159452,971194.7844598191,1282279.4396062098,1227544.9101796406,1638835.8778625955,1442951.6329061596,2000000.8057040998,2000001,1217770.0348432055,0,0,0,1272929.693809271
Vehicles Available,Vehicles Available,4287,7353,7010,1788,5806,3740,12655,11975,6039,6797,1320,6293,6961,7790,11121,5230,18875,968,4877,13126,4922,8555,17974,12735,11100,19821,8037,8937,14407,24574,12909,46523,5214,9769,22810,1706,0,5167,-666666666,26,0,-2666287467
Vehicles Available,Vehicles Homeowners,0.38185211103335664,0.3385012919896641,0.3880171184022825,-372855.854,0.24767481915260076,-1069518.65,0.36823389964440933,0.42505219206680583,0.5149859248219903,0.35427394438722964,0.15303030303030302,0.46019386620054026,0.319925298,0.38741976893453145,0.5826814135419477,0.4581261950286807,0.37398675496688744,-688705.2335,0.42710682796801314,0.5873838183757428,0.653799269,0.5428404441846874,0.660509625,0.6652532391048293,0.7792792792792793,0.7169164017960749,0.7683215130023641,0.7124314646973258,0.5631290344971195,0.8316920322291853,0.7641180571694167,0.7134105711153623,-255721.6843,0.3818200429931416,0.5192459447610697,0.824736225,0,0.3708147861428295,1,-25641025.62,0,3.750453492642847
Vehicles Available,Vehicles Renters,0.6181478889666433,0.661498708,0.6119828815977175,0.7768456375838926,0.7523251808473992,0.9344919786096256,0.6317661003555907,0.5749478079331941,0.4850140751780096,0.6457260556127703,0.8469696969696969,0.5398061337994597,0.680074702,0.6125802310654686,0.4173185864580523,0.5418738049713193,0.6260132450331126,1,0.5728931720319869,0.4126161816242572,0.3462007314099959,0.4571595558153127,0.339490375,0.3347467608951708,0.22072072072072071,0.28308359820392515,0.23167848699763594,0.2875685353026743,0.43687096550288057,0.1683079677708147,0.2358819428305833,0.28658942888463773,0.9098580744150364,0.6181799570068585,0.4807540552389303,0.17526377491207504,0,0.6291852138571705,1,1,0,1.0000798289766706
Vehicles Available,Vehicles Per Capita,0.3672892392049349,0.4174520267968661,0.30707902575784124,0.1305300043802015,0.22660213878697993,0.12018767272960987,0.5063417756971952,0.5011508683825068,0.5765155131264916,0.3091091000045477,0.36006546644844517,0.3709620372553643,0.348015198,0.409461235,0.48514592330846745,0.2094345667147205,0.3310358132519555,0.30392464678178965,0.6024706609017912,0.5677090091259028,0.5638029782359679,0.5669693153953211,0.4579013069064785,0.502862784,0.4605618024148376,0.493587668,0.5034137175070467,0.4804838709677419,0.5132525828286427,0.6509151590602071,0.4909111651962276,0.5728798532182393,0.3839752559098608,0.44879864014333626,0.5042444071093819,0.6821271491403439,0,0.3468716433941998,-3898635.474,1.04,0,-3079.092109
Vehicles Available,Households with no Vehicle,0.4774120684091642,0.39513128521313917,0.3929368952113142,0.7501156871818603,0.5975129111171514,0.792312359,0.24564057647901902,0.2876264591439689,0.2134230845377153,0.46566017977135876,0.5504547423126894,0.24749109744253803,0.43295058437564077,0.31349693251533745,0.3023987750935692,0.6039179675543311,0.3821127560155465,0.17076923076923076,0.14354473386183467,0.14381146780478754,0.099472076,0.1752435844654865,0.1648989898989899,0.15184859154929578,0.1339720194647202,0.11278665120014277,0.1513347022587269,0.16094628660073687,0.214399065,0.070276008,0.14825983163714035,0.10080046361693651,0.23993358239933582,0.23608938547486033,0.20414154652686764,0.037694013303769404,0.04219097,0.345356177,0,0,0.9494949494949495,0.30574826560951435
Vehicles Available,Percent of Homeowning Households,0.10285714285714286,0.1552823315118397,0.14839506172839506,0.3090507726269316,0.3149801587301587,0.4262023217247098,0.07967033,0.12816654125909205,0.099433282,0.2015993265993266,0.21465968586387435,0.070048309,0.13944856839872746,0.1294703485740154,0.11559301625526791,0.2911392405063291,0.17073987278205557,0,0.132562882,0.059362474,0.042922374429223746,0.046210721,0.066666667,0.08813949,0.067552602,0.084192664,0.09673327,0.10388761842535119,0.08671103,0.050741469,0.099082899,0.076518883,0.044217687,0.16069635085369938,0.13468265867066467,0.029850746268656716,0,0.19090909090909092,0,0,0,0.1069772832637923
Vehicles Available,Percent of Renting Households,0.5696762517595013,0.4681736236305644,0.5161049620693944,0.7832504145936982,0.6423622047244094,0.804905876,0.3042120004308952,0.3593591334762496,0.2845659163987138,0.5347352196410877,0.5807365439093485,0.33690360272638753,0.5033045246568378,0.3819222353139202,0.4398346375313746,0.6818659783959469,0.4567208271787297,0.17076923076923076,0.15138282387190685,0.22368658602635855,0.1873669268985096,0.2788913635238802,0.2724867724867725,0.23778754200051694,0.2794759825327511,0.1745628877608573,0.2516016307513104,0.24427480916030533,0.3046763615625891,0.14475476839237056,0.26230191826522103,0.14830281614733912,0.2526525198938992,0.2738554418916653,0.2543582332219312,0.060344828,0.042537313,0.4160823838737949,0,0,0.9494949494949495,0.42870137202362285
Income,Median Household Income (B19013_001),89263.48547717842,144501.1025358324,197792.07232267037,28608.179419525066,100017.85714285714,41055.37721,192174.79674796748,175997.426,150613.8392857143,92526.90802348337,88671.875,146734.23423423423,139424.20681551116,184422.4924012158,188552.18855218857,90569.27297668038,130710.43165467626,84146.34146341463,141884.32835820896,194154.05777166437,174779.1519434629,198703.25693606754,69973.82198952879,153638.25363825363,119965.03496503497,101411.45410235581,114088.6287625418,76544.67680608365,142711.20293847568,162350.70575461455,108126.77053824363,131196.33981021238,70996.62162162163,143506.4935064935,118345.77114427861,203791.13524590165,206363.30361757107,164115.6462585034,0,146875,12632.978723404256,126421.64321034614
Income,Median Family Income (B19113_001),104055.55555555556,175195.3125,210415.57906137183,36197.47899159664,128793.77431906614,56464.35452793834,210699.39113335716,208985.51784997995,206670.39847539848,100676.89530685921,175193.7984496124,182019.70443349754,186972.47706422018,207725.57158651188,210569.0259579728,125694.44444444444,127541.72989377845,37118.64406779661,173287.67123287672,208484.24211563732,200507.26666666666,207342.10005408328,73498.20143884892,166066.06606606607,125132.97872340426,105182.9268292683,120263.9751552795,81424.30278884462,172899.15966386555,186041.96301564723,114089.3470790378,149792.8177,108002.33644859813,190754.0395,151990.8386187456,209548.99305555556,210764.31944444444,187344.91315136477,0,175000,32500,147532.29134821155
Income,Per Capita Income,84287.89410555175,107686.57885772681,141356.0977746627,34046.459337129505,80664.52267582546,40407.75114081882,131760.46493018046,130834.6976354886,119636.91646778044,68532.26158533813,76255.91925804692,66267.01839,94201.97980201979,102127.61629434954,115739.32295074816,70590.72961717124,72368.05044021187,24439.27786499215,80631.11797405806,120127.17875524415,89846.71248568156,121655.39134468818,32803.90543397957,79420.47779,43664.59068088461,35808.21276489778,45253.69245223927,30841.21505376344,80851.36088350552,83896.5804,40776.684666869485,56163.53359849278,37481.84696958539,82361.33137317958,68012.5409,150830.70771691322,75165.25644055779,90922.47583243824,-3898635.474,87892,11711.538461538461,71482.32962134483
Income,Percent in Poverty,0.11608978752570254,0.071874645,0.12303954053457035,0.2769275829245076,0.11071702067631292,0.231372163,0.046168051708217916,0.058956337,0.060243272,0.1925729685287535,0.14640198511166252,0.096307419,0.091992665,0.061222316865417375,0.057909480871925066,0.15847327005759715,0.12787488500459981,0.4210357027983274,0.098440546,0.039894422569339276,0.054436644,0.063192096,0.16894381332514585,0.072932778,0.091361848,0.097367481,0.091183689,0.14507575757575758,0.08755828,0.039027885,0.095839553,0.069325701,0.198421339,0.062066093,0.095026329,0.023590563774490203,0.033325454975183175,0.078548809,0,0,0.9038461538461539,0.10311054162545132
Income,Household Income Less than 10000,347,353,411,888,855,1812,269,441,173,861,172,230,370,155,468,989,833,40,100,258,123,118,1191,385,64,347,146,372,568,347,333,702,400,232,681,18,0,233,0,0,0,16285
Income,Household Income 10000 to 14999,542,291,155,1047,595,3170,215,419,193,1263,255,294,368,67,323,1485,1006,35,244,98,38,122,650,264,114,307,162,196,142,257,144,566,146,340,779,2,10,466,0,0,94,16864
Income,Household Income 15000 to 19999,388,171,301,566,256,1054,101,150,97,404,181,108,199,50,249,420,461,24,57,116,42,155,309,123,92,236,211,329,110,156,114,613,259,134,410,9,0,151,0,0,0,8806
Income,Household Income 20000 to 24999,211,264,95,467,473,950,152,269,164,525,188,232,241,112,168,153,747,0,34,163,56,118,449,164,164,173,137,197,185,125,168,660,230,138,396,5,0,79,0,0,0,9052
Income,Household Income 25000 to 29999,376,359,330,379,485,750,73,271,8,584,73,123,76,204,156,409,678,27,88,122,27,175,565,163,96,303,37,174,464,177,252,698,54,67,524,16,21,57,0,0,0,9441
Income,Household Income 30000 to 34999,162,251,167,130,235,566,125,175,85,131,74,25,221,40,228,322,472,30,61,42,178,90,234,102,168,386,143,76,117,267,184,458,144,121,488,0,0,78,0,0,5,6781
Income,Household Income 35000 to 39999,290,111,204,305,420,633,159,100,109,156,15,130,252,110,134,554,348,66,39,77,113,133,396,126,106,307,100,81,118,218,186,624,180,48,288,5,0,244,0,5,0,7490
Income,Household Income 40000 to 44999,91,95,277,193,457,623,247,178,61,247,17,35,223,97,179,345,240,36,67,157,13,122,323,153,156,185,147,162,343,271,177,449,117,294,464,5,0,0,0,0,0,7246
Income,Household Income 45000 to 49999,16,84,71,148,286,716,72,162,245,116,0,32,148,44,132,133,684,16,31,76,57,75,453,139,243,233,78,107,156,272,335,671,381,150,268,14,46,0,0,0,0,6890
Income,Household Income 50000 to 59999,218,353,424,404,826,1196,281,323,171,289,8,173,319,189,375,429,803,21,109,404,102,193,735,383,298,616,204,241,438,306,298,1051,281,220,881,58,72,64,0,0,0,13756
Income,Household Income 60000 to 74999,183,341,249,361,1225,1359,366,450,145,437,84,319,444,263,477,841,1359,0,85,384,129,213,955,357,379,1141,236,611,459,555,554,1866,296,553,1071,35,74,229,0,0,0,19085
Income,Household Income 75000 to 99999,482,638,497,450,1244,1228,685,753,359,1022,160,499,896,566,699,729,1799,82,341,739,181,462,838,896,837,1300,497,526,1167,1739,1005,2565,386,957,1960,21,86,546,0,0,0,29837
Income,Household Income 100000 to 124999,558,685,771,305,1400,1050,818,1276,273,787,106,503,629,781,667,763,1702,0,329,664,276,383,741,525,715,1231,598,474,948,910,706,2333,467,822,1809,44,62,472,0,0,0,27583
Income,Household Income 125000 to 149999,359,907,719,202,1156,746,1264,650,437,975,118,444,851,491,707,921,1390,33,268,805,184,477,1021,694,681,904,458,409,1089,1010,678,2213,327,539,1536,86,78,459,0,4,0,26290
Income,Household Income 150000 to 199999,352,1075,1438,277,1636,1095,1722,1554,448,1100,400,999,1008,1316,1188,1328,2801,81,469,1454,566,829,1285,962,628,1493,587,385,1617,1842,1217,3716,579,1071,2500,96,128,882,0,8,0,42132
Income,Household Income Greater than 200000,1623,3429,5982,361,3167,1185,6010,5679,2083,2562,458,2032,3509,3665,5606,3247,7576,159,1210,5219,1514,3622,1735,3652,1835,2045,1129,817,4052,5678,1608,8424,571,3264,5020,488,774,2694,0,0,0,113684
Employment,Unemployment Rate,0.068777762,0.024533704821608236,0.069878211,0.075584712,0.061503293,0.10795164311254896,0.026964560862865947,0.03718091,0.062180974477958235,0.045475602,0.034536892,0.040624108077252405,0.03297452,0.027404015498414935,0.045842536,0.058193328,0.059090565,0.12698412698412698,0.029275484,0.029072745901639344,0.044892524,0.037649047,0.089722922,0.035578312,0.058895873,0.065736255,0.049893724,0.065818254,0.037151703,0.03991718,0.043514916,0.059188371,0.12925251557259224,0.036686223,0.054998686,0.01326053,0.027119938884644767,0.018986719,0,0.12,0,0.0528385
Employment,Percent Unemployment Female,0.45035105315947843,0.4979490751489823,0.49391052695044013,0.5544780376497433,0.47678658901649157,0.4098984051308247,0.5375302663438256,0.5109754593661364,0.525908739,0.4873378628783199,0.47985347985347987,0.5219294072876035,0.4519689330971522,0.4448749559704121,0.3466244851668358,0.393718042,0.4550957100703639,0.5088985088985089,0.4022746419545072,0.45530225409836067,0.5052311204108807,0.45986292366913906,0.5247858942065491,0.45030852041486147,0.4885897786280404,0.4925552246766523,0.48607226759145317,0.48240206800556773,0.5121545694301112,0.47019453004622497,0.4964332036316472,0.5004689031928045,0.5881648298993771,0.517636248,0.5229192476630251,0.4594383775351014,0.5813598166539343,0.4558780127889818,0,0.36,0,0.4811127281738143
Employment,Percent Unemployment Male,0.6184267086975211,0.52658463,0.5759676835885686,0.5211066742726754,0.5847167038589234,0.6980532379817243,0.4894342945190403,0.5262054507337526,0.5362722351121423,0.5581377393452749,0.554683412,0.518694701,0.5810055865921788,0.5825290595280028,0.6992180504984182,0.6644752860969078,0.603994855,0.6180856180856181,0.6270008424599831,0.5737704918032787,0.5396614038424957,0.5777861233686977,0.5649370277078085,0.5852697912564001,0.5703060945613556,0.5731810302680119,0.5638214565387627,0.5834161861205011,0.5249971333562665,0.5697226502311248,0.5470817120622569,0.558719468,0.5410876856732152,0.5190499752597724,0.5320794383751924,0.5538221528861155,0.4457601222307105,0.5631087063453025,0,0.76,0,0.5717257716440349
Employment,Employed Residents,6499,12604,15427,6482,17243,15703,17667,15542,6063,12329,1845,10084,14194,13806,15953,15452,37303,1815,4609,15162,5007,10250,18043,14692,13774,21020,8493,9388,16794,19939,14740,44110,7269,13628,25167,1265,2547,9972,0,22,0,511902
Employment,Managerial Professional,0.637944299,0.6838305299904792,0.7855059311596552,0.3171860536871336,0.6700690135127298,0.40756543335668344,0.7154581989019075,0.7482306009522584,0.7549068118093353,0.6737772730959526,0.7929539295392954,0.6563863546211821,0.7086092715231788,0.7004925394755903,0.769447753,0.6102769867978255,0.6194139881510871,0.21652892561983472,0.7776090258190497,0.7971903442817571,0.762532455,0.7974634146341464,0.34212714071939254,0.6152327797440784,0.3920429795266444,0.3567078972407231,0.3652419639703285,0.23934810396250533,0.7319280695486483,0.6563017202467526,0.41478968792401627,0.5426887327136704,0.45508323015545465,0.6441884355738187,0.5967338180951246,0.7343873517786561,0.6274047899489595,0.773967108,0,0.5909090909090909,0,0.6035842798035561
Employment,Services,0.11971072472688106,0.078546493,0.069423738,0.38275223696390004,0.1032302963521429,0.28586894224033627,0.027169299,0.039505855102303436,0.043212930892297545,0.10357693243572066,0.013550135501355014,0.12782625942086473,0.10426940960969423,0.072070114,0.067322761,0.17143411856070412,0.1461276572929791,0.27107438016528923,0.080494684,0.051840127,0.085080887,0.065463415,0.28121709250124705,0.1313640076231963,0.2672426310439959,0.2676498572787821,0.2049923466384081,0.28749467405198126,0.10914612361557699,0.091178093,0.2455223880597015,0.1679664475175697,0.18888430320539276,0.11689169357205753,0.13434259148885444,0.079051383,0.10757754220651747,0.062575211,0,0.18181818181818182,0,0.14203890588432944
Employment,Sales and Office,0.1967995076165564,0.21128213265629958,0.10345498152589616,0.17201481024375193,0.17554949834715536,0.17079538941603514,0.2416935529518311,0.1728863724102432,0.16130628401781297,0.16011030902749615,0.1013550135501355,0.1849464498214994,0.13977737072002255,0.18296392872664058,0.12511753275246035,0.13894641470359825,0.14628850226523335,0.2815426997245179,0.1143415057496203,0.11449676823638043,0.085480328,0.096487805,0.19980047663913983,0.15702423087394501,0.1905764483810077,0.20685061845861086,0.1983986812669257,0.2449936088623775,0.11402881981660117,0.18596719995987762,0.20522388059701493,0.1748129675810474,0.24845233182005777,0.17199882594658056,0.1819843445782175,0.15019762845849802,0.2061248527679623,0.11803048535900522,0,0.22727272727272727,0,0.16893858590120767
Employment,Natural Resources,0.010155408524388367,0.001110758,0.011797497893303947,0.047516198704103674,0.018616250072493186,0.055849201,0.007018735,0.018144382962295716,0.018967508,0.025711736556087272,0.041734417,0.00495835,0.0045794,0.018325365782992903,0.012098037986585595,0.006665804,0.033750637,0.051790633608815424,0.012367107832501627,0.015367365782878247,0.018773716796484922,0.018341463414634145,0.066008979,0.062551048,0.036227675,0.069600381,0.089956435,0.066787388,0.010599023460759796,0.026631225236972766,0.032632293080054275,0.036091589,0.016646031090934103,0.016510126,0.025191719,0.014229249011857707,0.027483313702394974,0.006819093,0,0,0,0.028624619556086906
Employment,Production Transport Materials,0.03539006,0.025230085687083466,0.029817851818240745,0.0805307,0.032534941715478743,0.079921034,0.008660214,0.021232789,0.021606465446148772,0.036823749,0.050406504,0.025882586275287583,0.042764548,0.026148051571780385,0.026013915877891307,0.072676676,0.054419215612685305,0.1790633608815427,0.015187676285528313,0.021105395066613904,0.048132614,0.022243902,0.11084631158898188,0.033827934,0.11391026571801946,0.099191246,0.14141057341339927,0.16137622496804432,0.034297964,0.039921761372185165,0.10183175033921303,0.078440263,0.090934104,0.050410918696800706,0.061747526522827514,0.022134387351778657,0.031409501374165684,0.038608103,0,0,0,0.056813609
Journey to Work,Workers 16 Years and Older,6259,12478,14849,6163,17015,15401,17307,15469,5989,12091,1810,9931,13747,13537,15527,15254,36781,1763,4547,14620,4892,9993,17491,14348,13467,20509,8267,9109,16260,19307,14474,42899,7081,13465,24859,1202,2463,9698,0,22,0,500344
Journey to Work,Car,0.2001917239175587,0.22319281936207724,0.15118863223112666,0.14424793120233653,0.17255362915074934,0.1268748782546588,0.3281909054139943,0.31469390393690605,0.3832025379863082,0.25498304524026133,0.32265193370165746,0.2953378310341355,0.2201934967629301,0.22405259658713156,0.2332066722483416,0.1360954503736725,0.24651314537397026,0.4078275666477595,0.5190235319991203,0.3285909712722298,0.3992232215862633,0.3060142099469629,0.578926305,0.43713409534429887,0.4752357614910522,0.5605831586132918,0.6288859320188702,0.6110440223954331,0.36697416974169744,0.4860931268451857,0.5460135415227304,0.5085200121214947,0.49371557689591866,0.4264389157073895,0.44004183595478497,0.5831946755407654,0.4185952090946001,0.2472674778304805,0,0.3181818181818182,0,0.3590869481796524
Journey to Work,Drove Alone,0.18054002236779038,0.1923385157877865,0.13987473903966596,0.11861106603926659,0.14187481633852483,0.11629114992532952,0.2687351938521985,0.25728877109056825,0.2638169978293538,0.2090811347283103,0.318232044,0.25475782902023963,0.16810940568851385,0.18645194651695354,0.19482192310169383,0.11124950832568507,0.19811859383921046,0.3295519001701645,0.4504068616670332,0.29897400820793435,0.34403107113654946,0.25888121685179627,0.45480532845463384,0.35468357959297464,0.3976386723100913,0.4324442927495246,0.5149389137534777,0.47700076847074324,0.30793357933579335,0.39964779613611645,0.4473538759154346,0.4092869297652626,0.3883632255331168,0.35937616041589304,0.3575365058932379,0.5249584026622296,0.33617539585870887,0.2242730459888637,0,0.3181818181818182,0,0.29428952880418274
Journey to Work,Carpooled,0.019651701549768332,0.030854303574290753,0.011313893191460705,0.025636865163069934,0.030678812812224506,0.010583728329329264,0.059455711561795806,0.057405133,0.11938554015695442,0.045901911,0.00441989,0.040580002,0.052084091074416236,0.03760065,0.038384749,0.024845942047987412,0.048394552,0.078275666,0.06861667,0.029616963064295485,0.05519215,0.047132993095166616,0.12412097650220114,0.082450516,0.077597089,0.12813886586376713,0.11394701826539252,0.13404325392468985,0.05904059,0.086445331,0.098659666,0.099233082,0.10535235136280187,0.067062755,0.08250533,0.058236273,0.082419813,0.022994431841616828,0,0,0,0.064797419
Journey to Work,Transit,0.2450870746125579,0.2488379548004488,0.21031719307697488,0.32094759045919197,0.23191301792535998,0.3433543276410623,0.26220604379730744,0.24384252375719181,0.2868592419435632,0.3518319411132247,0.21988950276243094,0.2808377806867385,0.2864625009092893,0.356430524,0.37347845688156117,0.2428215550019667,0.34330224844348983,0.41123085649461144,0.1757202551132615,0.29165526675786596,0.24325429272281276,0.1778244771339938,0.26333542964953405,0.21745190967382214,0.3382342021237098,0.30835243064020673,0.2617636385629612,0.2748929630036228,0.27207872078720785,0.22219920236183768,0.2815393118695592,0.2600759924473764,0.2790566304194323,0.2618640920906053,0.2849269882135243,0.06156406,0.1993503857084856,0.25242318003712105,0,0.22727272727272727,0,0.27763498712885537
Journey to Work,Bike,0.034350535229269855,0.037105305,0.027274564,0.003731949,0.028269174,0.033958833841958316,0.028947824579649853,0.016678518326976532,0.014526632,0.043007195434620796,0.046961326,0.059812707683012785,0.080963119,0.068183497,0.041798158,0.041366199029762685,0.079334439,0.031196824,0.014954915328788213,0.041450068399452804,0.023507768,0.068748124,0.012978103024412555,0.057290215,0.009207693,0.006826271,0.007499698,0.000548908,0.042066421,0.014347127984668773,0.007945281,0.020466677544931117,0.006778704,0.042257705,0.023854539603362968,0,0.038570849,0.020725923,0,0,0,0.033496954
Journey to Work,Walk,0.3126697555520051,0.20203558262542073,0.3766583608323793,0.39818270322894694,0.36062297972377316,0.34692552431660284,0.074767435,0.12075764432089986,0.053598263483052265,0.12513439748573318,0.060773481,0.10864968281139865,0.13413835745980943,0.064489917,0.055516198,0.3403697390848302,0.10693020853157881,0.076574022,0.020013196,0.040218878,0.013491415,0.11167817472230561,0.030644331370419074,0.045790354,0.010470037870349743,0.017894582866058804,0.019716946897302527,0.015149851794928093,0.099815498,0.025172217,0.012850628713555341,0.037879671,0.089959045,0.046565169,0.03210105,0.028286189683860232,0.094600081,0.21458032584037945,0,0.22727272727272727,0,0.11037606126984635
Journey to Work,Other Journey Type,0.023006870107045854,0.062029171,0.027341908546030035,0.018335226,0.057067294,0.042140120771378485,0.077020859,0.08242291,0.0282184,0.049706393185013645,0.046961326,0.05125365,0.043791373,0.045578784073280636,0.043215044760739355,0.038809493,0.035235584,0,0.044864746,0.042749658,0.022485690923957483,0.076053237,0.030644331370419074,0.043908558684137164,0.042548452,0.014530206250914232,0.015241320914479255,0.015479196,0.032103321033210334,0.026881441964054488,0.026115794,0.035455372,0.025985030362943088,0.028963980690679538,0.029486302747495877,0.026622296173044926,0.063743402,0.038049082,0,0,0,0.039203028316518236
Journey to Work,Worked at Home,0.18469404058156255,0.22679916653309826,0.2072193413697892,0.11455460003245173,0.14957390537760798,0.10674631517433933,0.22886693245507597,0.2216044993212231,0.23359492402738355,0.1753370275411463,0.3027624309392265,0.20410834759842916,0.23445115297883173,0.24126468198271403,0.2527854704707928,0.20053756391766095,0.18868437508496236,0.073170732,0.22542335605893996,0.25533515731874146,0.2980376124284546,0.2596817772440709,0.0834715,0.1984248675773627,0.12430385386500334,0.09181335,0.066892464,0.082885059,0.18696186961869618,0.2253068835137515,0.1255354428630648,0.13760227511130796,0.10450501341618415,0.19391013739324173,0.18958928355927432,0.3003327787021631,0.1851400730816078,0.22695401113631677,0,0.22727272727272727,0,0.18020202100954544
,Population Density per Acre,11672,17614,22828,13698,25622,31118,24993,23895,10475,21989,3666,16964,20002,19025,22923,24972,57018,3185,8095,23121,8730,15089,39253,25325,24101,40157,15965,18600,28070,37753,26296,81209,13579,21767,45236,2501,4231,14896,171,25,104,865933
