Category,Attribute,North Beach,Russian Hill,Financial District,Chinatown,Nob Hill,Tenderloin,Marina,Pacific Heights,Presidio Heights,Western Addition,Japantown,Lone Mountain/USF,Hayes Valley,Haight Ashbury,Castro/Upper Market,South of Market,Mission,Treasure Island,Twin Peaks,Noe Valley,Glen Park,Potrero Hill,Bayview Hunters Point,Bernal Heights,Outer Mission,Excelsior,Portola,Visitacion Valley,Inner Sunset,West of Twin Peaks,Oceanview/Merced/Ingleside,Sunset/Parkside,Lakeshore,Inner Richmond,Outer Richmond,Seacliff,Presidio,Mission Bay,Lincoln Park,Golden Gate Park,McLaren Park
Age,0-4 Years,0.022355323,0.02293401,0.049264057,0.035600499,0.023293628,0.036822936,0.046147783,0.052596894,0.06962683,0.033706374,0.018586314,0.039712621,0.045964182,0.046588846,0.037152253,0.023526478,0.046741535,0.011303191,0.024890942,0.059383945,0.081724656,0.060484137,0.057889601,0.067032225,0.033383915,0.042127435,0.047394526,0.059596482,0.052439148,0.049919818,0.045877225,0.047023536,0.017701507,0.040669856,0.051392609,0.060630235,0.057501183,0.054908486,0.044871795,0,0.045364892
Age,5-17 Years,0.070693437,0.033133028,0.026930399,0.074387034,0.031915296,0.066495138,0.049497537,0.061163969,0.088427019,0.068341664,0.019149535,0.05860723,0.03739029,0.06692607,0.057372678,0.059564386,0.074357665,0.109042553,0.072876572,0.090699363,0.135128887,0.111734054,0.164517235,0.118210355,0.108897053,0.1364628,0.115424653,0.141231247,0.079115745,0.136516476,0.117980385,0.106153697,0.051212756,0.093079922,0.090437926,0.226166733,0.15404638,0.060278324,0,0,0.177514793
Age,18-34 Years,0.333473933,0.415844313,0.388122765,0.21062474,0.428512006,0.292712267,0.445241379,0.356892788,0.293434105,0.335294378,0.315122501,0.480794252,0.420425143,0.407574578,0.30846147,0.364909801,0.344172197,0.56349734,0.272004106,0.238945615,0.169922552,0.317129477,0.233694649,0.21496404,0.236602508,0.210386419,0.204151613,0.247180548,0.335319408,0.17973721,0.261714493,0.241854333,0.593338288,0.337852206,0.252063326,0.093737535,0.39517274,0.42701558,0.025641026,0.587301587,0.1617357
Age,35-59 Years,0.315505315,0.270907988,0.376096949,0.298240754,0.314350539,0.37133692,0.294975369,0.327649409,0.333774209,0.311275269,0.209236835,0.262205125,0.366039267,0.35304799,0.429784019,0.366530884,0.383239748,0.238364362,0.344110855,0.426154569,0.392671367,0.383483939,0.33641902,0.427186395,0.358038495,0.367210813,0.366664626,0.349249871,0.337587596,0.357043091,0.33650563,0.343847512,0.190933045,0.311536417,0.351734501,0.38013562,0.340274491,0.361064892,0.275641026,0.412698413,0.214990138
Age,60 and older,0.257971993,0.25718066,0.159585829,0.381146973,0.201928531,0.23263274,0.164137931,0.20169694,0.214737837,0.251382315,0.437904816,0.158680772,0.130181117,0.125862516,0.16722958,0.185468451,0.151488855,0.077792553,0.286117526,0.184816508,0.220552537,0.127168393,0.207479495,0.172606985,0.263078029,0.243812533,0.266364583,0.202741852,0.195538102,0.276783405,0.237922267,0.261120921,0.146814404,0.216861598,0.254371638,0.239329876,0.053005206,0.096732718,0.653846154,0,0.400394477
Educational Attainment,High School or Less,0.259185897,0.158114668,0.112471557,0.671868583,0.186519749,0.402166065,0.065526402,0.069691664,0.084838201,0.206565981,0.264930114,0.137574202,0.136586229,0.069533961,0.069754407,0.276100598,0.248169026,0.293170103,0.125092524,0.07261606,0.082183087,0.126402143,0.472798841,0.214219996,0.468954,0.446092356,0.442419883,0.527374963,0.112790746,0.135292496,0.380124885,0.251095766,0.161367887,0.165559277,0.203330291,0.038661281,0.080525009,0.173815949,0.244966443,0,0.632432432
Educational Attainment,Some College/Associate Degree,0.142814697,0.096663184,0.115505472,0.121971253,0.166659262,0.220417168,0.087104441,0.104415913,0.104472185,0.171861611,0.213786531,0.114150489,0.149271343,0.146628656,0.14592887,0.22021839,0.17281106,0.319587629,0.203997039,0.145075282,0.156909408,0.132345555,0.261131123,0.195103251,0.220383584,0.269009711,0.264684728,0.287289139,0.121977701,0.192138083,0.250786582,0.226366055,0.287069196,0.165174894,0.207368683,0.115406809,0.077687123,0.144784591,0.137583893,0.063492063,0.278378378
Educational Attainment,College Degree,0.356244429,0.443311006,0.38427782,0.138726899,0.403741058,0.25182511,0.541408398,0.469847291,0.450854442,0.350471294,0.253494282,0.465265522,0.454068087,0.456742687,0.412361154,0.305252236,0.355188446,0.255798969,0.378534419,0.393716018,0.346025702,0.407332998,0.182331316,0.311592721,0.218511209,0.212988043,0.187005514,0.147380882,0.41992734,0.368497209,0.256934024,0.352828999,0.345845578,0.415792653,0.363704257,0.351990767,0.508336289,0.360379641,0.251677852,0.777777778,0.02972973
Educational Attainment,Graduate/Professional Degree,0.241754977,0.301911141,0.387745151,0.067433265,0.243079931,0.125591657,0.305960759,0.356045132,0.359835171,0.271101114,0.267789072,0.283009787,0.260074341,0.327094695,0.371955569,0.198428776,0.223831468,0.131443299,0.292376018,0.388592639,0.414881802,0.333919304,0.08373872,0.279084032,0.092151207,0.07190989,0.105889875,0.037955016,0.345304213,0.304072211,0.112154509,0.16970918,0.205717339,0.253473176,0.225596769,0.493941143,0.333451579,0.321019819,0.365771812,0.158730159,0.059459459
Employment,Unemployment Rate,0.052547981,0.018323197,0.041180687,0.069606513,0.051029639,0.069955905,0.026307482,0.035797332,0.0473898,0.045477885,0.016200295,0.06968926,0.023590828,0.027988419,0.034768914,0.028959891,0.038232837,0.157807309,0.021715288,0.039010709,0.039517882,0.025292601,0.070842095,0.031000829,0.050552923,0.039793796,0.048376553,0.066295101,0.033664313,0.027147431,0.043787734,0.039178595,0.133067199,0.042288895,0.035979067,0.035901926,0.019832985,0.018263305,0,0,0.137931034
Employment,Percent Unemployment Female,0.486300463,0.498113789,0.474620447,0.505834464,0.513010163,0.429686569,0.519257077,0.506608738,0.467128028,0.49614905,0.513009327,0.549609304,0.426815569,0.479318903,0.360772912,0.344527532,0.4339771,0.522148394,0.377714411,0.476287608,0.480932622,0.438603452,0.533343346,0.457357913,0.48769089,0.484896446,0.507844846,0.501613376,0.505389476,0.475242471,0.499968224,0.492380772,0.59968951,0.561023622,0.495311819,0.447460595,0.544885177,0.457254902,0.523076923,0.355932203,0.75862069
Employment,Percent Unemployment Male,0.566247518,0.520209408,0.56656024,0.563772049,0.538019475,0.640269336,0.507050405,0.529188594,0.580261772,0.549328834,0.503190967,0.520079956,0.596775259,0.548669516,0.673996002,0.684432359,0.604255737,0.635658915,0.644000877,0.5627231,0.55858526,0.586689149,0.537498748,0.573642916,0.562862033,0.55489735,0.540531706,0.564681725,0.528274837,0.551904961,0.543819511,0.546797822,0.533377689,0.481265273,0.540667248,0.588441331,0.474947808,0.561008403,0.476923077,0.644067797,0.379310345
Employment,Employed Residents,7158,12751,14715,6857,17834,15595,18474,15720,6332,13013,2004,10239,14753,14100,15908,14251,39137,1521,4460,15076,4840,9827,18536,15191,14424,21234,8734,9549,18199,20964,15040,45689,7818,14109,26520,1101,2817,8762,65,59,125
Employment,Managerial Professional,0.588711931,0.653987923,0.75922528,0.307277235,0.60939778,0.419942289,0.70991664,0.732760814,0.727416298,0.627756859,0.665169661,0.638831917,0.675930319,0.684255319,0.743713855,0.612167567,0.585686179,0.151216305,0.738116592,0.752653224,0.777066116,0.750279841,0.304434614,0.604568495,0.305740433,0.328859376,0.353789787,0.241386533,0.72811693,0.627170387,0.389162234,0.53748167,0.380148376,0.602310582,0.555995475,0.741144414,0.594604189,0.736818078,0.815384615,0.576271186,0.328
Employment,Services,0.14780665,0.099756882,0.08216106,0.387633076,0.12178984,0.298813722,0.035346974,0.042430025,0.06743525,0.115960962,0.078842315,0.104893056,0.110214872,0.08787234,0.068833291,0.180618904,0.155019547,0.357659435,0.084080717,0.066993898,0.081198347,0.091889692,0.27093224,0.153709433,0.304353855,0.286003579,0.247538356,0.31092261,0.100884664,0.106038924,0.257446809,0.177241787,0.239575339,0.138634914,0.141515837,0.0835604,0.121050763,0.04816252,0,0.169491525,0.136
Employment,Sales and Office,0.210813076,0.212453925,0.122867822,0.171066064,0.203599865,0.172170567,0.237144094,0.198664122,0.174194567,0.184661492,0.153692615,0.211739428,0.169999322,0.182907801,0.156084989,0.147147569,0.157012546,0.231426693,0.115919283,0.147585566,0.104958678,0.129846342,0.206678895,0.143703509,0.20542152,0.209993407,0.197046027,0.199706776,0.130501676,0.194428544,0.210638298,0.171857559,0.283832182,0.179389042,0.201659125,0.146230699,0.231451899,0.130677927,0.092307692,0,0.312
Employment,Natural Resources,0.009360156,0.011136381,0.003669725,0.044042584,0.02478412,0.032574543,0.004709321,0.014312977,0.005685407,0.025436102,0.037924152,0.012501221,0.009489595,0.018156028,0.010937893,0.009753701,0.035669571,0.057856673,0.026233184,0.016317326,0.015702479,0.012211255,0.080060423,0.059574748,0.0671797,0.070641424,0.062628807,0.093203477,0.013517226,0.02618775,0.039960106,0.039243582,0.014709644,0.02069601,0.03280543,0.013623978,0.014909478,0.029559461,0,0.254237288,0.128
Employment,Production Transport Materials,0.043308187,0.022664889,0.032076113,0.089981041,0.040428395,0.076498878,0.012882971,0.011832061,0.025268478,0.046184585,0.064371257,0.032034378,0.034365892,0.026808511,0.020429972,0.050312259,0.066612157,0.201840894,0.035650224,0.016449987,0.02107438,0.015772871,0.137893828,0.038443815,0.117304493,0.104502213,0.138997023,0.154780605,0.026979504,0.046174394,0.102792553,0.074175403,0.081734459,0.058969452,0.068024133,0.015440509,0.037983671,0.054782013,0.092307692,0,0.096
Households,Housholds,6297,9636,11297,6907,15247,17649,13583,12815,4805,11677,2266,6342,9652,8223,11330,12540,23772,606,3483,10787,3643,6757,11925,9196,6785,10976,4853,5160,12233,13917,7873,28277,4924,9385,18652,891,1324,6312,70,48,239
Households,Family Households,0.397332063,0.365815691,0.372753828,0.522947734,0.268839772,0.234347555,0.309578149,0.353726102,0.470759625,0.350346836,0.227272727,0.423683381,0.301077497,0.429770157,0.351897617,0.331499203,0.410230523,0.498349835,0.424921045,0.48669695,0.553115564,0.502293917,0.687798742,0.597651153,0.741635962,0.776694606,0.737275912,0.770736434,0.49235674,0.741826543,0.69465261,0.658839339,0.390739236,0.483324454,0.537904782,0.775533109,0.556646526,0.504119138,0.442857143,0,0.472803347
Households,Non-Family Households,0.602667937,0.634184309,0.627246172,0.477052266,0.731160228,0.765652445,0.690421851,0.646273898,0.529240375,0.649653164,0.772727273,0.576316619,0.698922503,0.570229843,0.648102383,0.668500797,0.589769477,0.501650165,0.575078955,0.51330305,0.446884436,0.497706083,0.312201258,0.402348847,0.258364038,0.223305394,0.262724088,0.229263566,0.50764326,0.258173457,0.30534739,0.341160661,0.609260764,0.516675546,0.462095218,0.224466891,0.443353474,0.495880862,0.557142857,1,0.527196653
Households,"Single Person Households, % of Total",0.464983325,0.408053134,0.445693547,0.41190097,0.556765265,0.661680548,0.469852021,0.482949668,0.362747138,0.474094374,0.616504854,0.327341533,0.432863655,0.313024444,0.383230362,0.528947368,0.343218913,0.173267327,0.422049957,0.341429498,0.315673895,0.28444576,0.233039832,0.223357982,0.150478998,0.143039359,0.183185658,0.170155039,0.33025423,0.177408924,0.193064905,0.21791562,0.363728676,0.287586574,0.320501823,0.17620651,0.126888218,0.357572877,0.471428571,0.708333333,0.527196653
Households,"Households with Children, % of Total",0.11291091,0.078455791,0.102151014,0.159693065,0.061126779,0.095529492,0.110211294,0.128911432,0.20541103,0.114841141,0.039717564,0.154367707,0.104123498,0.161255016,0.115798764,0.110845295,0.17310281,0.259075908,0.124892334,0.19180495,0.275048037,0.247003108,0.355974843,0.307198782,0.27678703,0.335732507,0.28209355,0.409883721,0.195700155,0.298986851,0.285913883,0.256604307,0.136677498,0.190836441,0.213918078,0.398428732,0.385196375,0.153833967,0.185714286,0,0.209205021
Households,"Households with 60 years and older, % of Total",0.365094489,0.354088834,0.218642117,0.58143912,0.273693186,0.326534081,0.228373702,0.278579789,0.337773153,0.384602209,0.572815534,0.309839167,0.201098218,0.218046942,0.252427184,0.271371611,0.25715127,0.255775578,0.381567614,0.281171781,0.367554214,0.21222436,0.442012579,0.314049587,0.529845247,0.507470845,0.552029672,0.454069767,0.319463746,0.49378458,0.522037343,0.478162464,0.33509342,0.354075653,0.427675316,0.428731762,0.124622356,0.150506971,0.442857143,0,0.631799163
Households,Average Household Size,1.879784024,1.881901204,1.856599097,2.082669755,1.670361383,1.609382968,1.861002724,1.854155287,2.162122789,1.912991351,1.54368932,2.284925891,1.99015748,2.306214277,1.979699912,1.804066986,2.405981827,2.9669967,2.025265576,2.160470937,2.364534724,2.241527305,3.161006289,2.714876033,3.660869565,3.585276968,3.324747579,3.727713178,2.341616938,2.762664367,3.458402134,2.908017116,2.452883834,2.389451252,2.451158053,2.81369248,3.1918429,2.040557668,1.728571429,1.3125,2.121338912
Households,Average Family Household Size,2.730615508,2.574184397,2.53360247,2.830841639,2.563796048,3.060203095,2.7117717,2.731744981,2.895225464,2.830603764,2.446601942,2.871604019,2.700963524,2.946236559,2.65512917,2.764253067,3.384126333,3.281456954,2.912162162,2.857904762,3.110173697,2.827931644,3.921726408,3.382823872,4.269077901,4.109325513,3.942146451,4.378677395,3.05379379,3.165246029,4.198756628,3.507139023,3.002079002,3.072089947,3.243895146,3.256150507,3.305291723,2.728786926,2.387096774,0,3.371681416
Housing,Total Number of Units,7360,11145,14459,7628,17456,20075,14786,14774,5238,13117,2535,6900,10641,9068,12443,14487,26179,688,3770,11638,3773,7310,12701,9877,6923,11475,4978,5308,12949,14811,8283,29612,5281,9876,20290,1020,1336,7244,79,48,251
Housing,Median Year Structure Built,1939,1939,2001.185885,1939,1939,1939,1939,1939,1939,1970.814573,1970.206093,1939,1939,1939,1939,1992.539728,1939,1960.914634,1963.878843,1939,1952.141393,1970.027624,1963.663426,1939,1939,1942.524189,1953.782337,1952.347041,1944.993293,1939,1944.23644,1945.137037,1956.848606,1939,1939,1939,1945.255814,2006.644279,1951.923077,1974,1973.409091
Housing,Owner Occupied,0.211370494,0.247405562,0.322297955,0.060952657,0.137141733,0.025497195,0.254730177,0.265470152,0.379396462,0.226599298,0.133715799,0.314411857,0.2026523,0.323604524,0.390909091,0.159489633,0.249873801,0,0.401665231,0.528784648,0.670326654,0.45389966,0.520419287,0.577207482,0.650405306,0.673196064,0.664125283,0.533914729,0.430965421,0.782568082,0.692747364,0.629875871,0.051380991,0.356419819,0.398563157,0.75308642,0.025679758,0.341730038,0.628571429,0,0.146443515
Housing,Renter Occupied,0.788629506,0.752594438,0.677702045,0.939047343,0.862858267,0.974502805,0.745269823,0.734529848,0.620603538,0.773400702,0.866284201,0.685588143,0.7973477,0.676395476,0.609090909,0.840510367,0.750126199,1,0.598334769,0.471215352,0.329673346,0.54610034,0.479580713,0.422792518,0.349594694,0.326803936,0.335874717,0.466085271,0.569034579,0.217431918,0.307252636,0.370124129,0.948619009,0.643580181,0.601436843,0.24691358,0.974320242,0.658269962,0.371428571,1,0.853556485
Housing,Vacant Units,0.144429348,0.135397039,0.218687323,0.094520189,0.126546746,0.120846824,0.081360747,0.132597807,0.082665139,0.1097812,0.106114398,0.080869565,0.092942393,0.093184826,0.089447882,0.134396355,0.091943925,0.119186047,0.076127321,0.07312253,0.034455341,0.075649795,0.061097551,0.068948061,0.019933555,0.043485839,0.025110486,0.027882442,0.055293845,0.060360543,0.049498974,0.045083074,0.067600833,0.049716484,0.080729423,0.126470588,0.008982036,0.1286582,0.113924051,0,0.047808765
Housing,For Rent,0.24929445,0.168986083,0.137571157,0.403606103,0.167043911,0.420032976,0.053200333,0.121490556,0.147806005,0.225,0.390334572,0,0.248736097,0.150295858,0.155435759,0.381099127,0.248442044,0.329268293,0.167247387,0.055229142,0.069230769,0.112115732,0.094072165,0.13215859,0.057971014,0.142284569,0,0.202702703,0.034916201,0.07606264,0.185365854,0.082397004,0.526610644,0.061099796,0.12026862,0,0,0.497854077,0,0,0
Housing,For Sale Only,0.032925682,0.019880716,0.091397849,0,0.008601177,0,0.019950125,0,0.122401848,0.007638889,0,0,0.063700708,0.031952663,0.007187781,0.028762198,0.017449107,0,0.142857143,0,0,0,0.082474227,0.041116006,0,0,0.12,0,0,0.108501119,0.053658537,0.032958801,0,0.105906314,0.016483516,0.170542636,0,0.035407725,0,0,0
Housing,"Rented or Sold, Not Occupied",0,0.160371107,0.129981025,0.069348128,0.086464464,0.109645507,0.215295096,0.205206738,0.327944573,0.166666667,0,0.204301075,0.323559151,0.26035503,0.3737646,0.218798151,0.271292065,0.304878049,0.543554007,0.509988249,0.084615385,0.132007233,0.070876289,0.380323054,0,0.104208417,0,0.155405405,0.410614525,0.343400447,0.009756098,0.527340824,0.18767507,0.260692464,0.191697192,0.162790698,0,0.144849785,0,0,0
Housing,"For Seasonal, Recreation or Occasional Use",0.333019755,0.306163022,0.587286528,0.074895978,0.325033952,0.05358615,0.344139651,0.292496172,0.133949192,0.21875,0.215613383,0.161290323,0.056622851,0.288757396,0.330637916,0.128916281,0.181553801,0,0.118466899,0.247943596,0.069230769,0.247739602,0.114690722,0.185022026,0,0.022044088,0,0.358108108,0.244413408,0.137583893,0.173170732,0.113108614,0.075630252,0.17311609,0.173992674,0.465116279,1,0.228540773,0.555555556,0,0
Housing,Other Vacant,0.384760113,0.344599072,0.053763441,0.452149792,0.412856496,0.416735367,0.367414796,0.380806534,0.267898383,0.381944444,0.394052045,0.634408602,0.307381193,0.268639053,0.132973944,0.242424242,0.281262983,0.365853659,0.027874564,0.186839013,0.776923077,0.508137432,0.637886598,0.261380323,0.942028986,0.731462926,0.88,0.283783784,0.310055866,0.334451902,0.57804878,0.244194757,0.210084034,0.399185336,0.497557998,0.201550388,0,0.093347639,0.444444444,0,1
Housing,Median Year Moved in to Unit (Own),2006.146667,2006.950355,2011.286563,2004.573864,2003.485523,2009.815951,2003.873239,2005.693431,2005.259179,2006.641791,2005,2003.365201,2010.47089,2006.022222,2005.025473,2012.533333,2005.565476,0,2002.649457,2005.387524,2002.503477,2007.714133,2002.678571,2002.525473,2000.579024,1997.148584,1997.671504,1997.189349,1998.91232,1998.809633,2001.375748,1997.207739,2010.982143,1997.91185,1995.841224,2001.685083,2005,2011.722222,2005,0,1991.25
Housing,Median Year Moved in to Unit (Rent),2010.999278,2012.099624,2014.833689,2009.541234,2011.806911,2011.915939,2012.998468,2012.809027,2011.869607,2011.656362,2013.070962,2012.224895,2012.388889,2012.408994,2011.624545,2012.960712,2011.168339,2012.152778,2011.734694,2012.859366,2010.382231,2014.135649,2010.578001,2011.82284,2010.440141,2009.007867,2010.440705,2010.689569,2012.73595,2012.560503,2011.392019,2011.399484,2011.932723,2011.667452,2010.481457,2013.404255,2013.279468,2015.380914,2012.692308,2011.875,2006.495726
Housing,Percent in Same House Last Year,0.881523032,0.817813765,0.761460981,0.91529674,0.789818567,0.825602156,0.805748465,0.803953527,0.812343539,0.825307651,0.777527457,0.718306636,0.832548269,0.809775775,0.839829558,0.757507413,0.85049273,0.698863636,0.837559531,0.834568865,0.888993415,0.821122422,0.948245029,0.884082976,0.937202741,0.938751829,0.961385647,0.918365214,0.832423337,0.899199332,0.93211975,0.915622634,0.597343634,0.869201521,0.887007267,0.940940137,0.840086831,0.694968796,0.814102564,0.793650794,0.98816568
Housing,Percent Abroad Last Year,0.04045555,0.024957018,0.021180457,0.006129841,0.022082497,0.012801078,0.01352816,0.01412571,0.017331023,0.020777599,0.019994368,0.026086957,0.011387753,0.013044845,0.026867011,0.024265965,0.010044104,0.006016043,0.01596087,0.011618329,0.007878645,0.014264666,0.005765381,0.009067929,0.010278114,0.003254124,0.0065185,0.009355075,0.012911645,0.007093863,0.008005264,0.009194813,0.029816358,0.008857079,0.006870733,0.013660104,0.012542209,0.05508899,0.019230769,0,0
Housing Prices,Median Rent,1771.383648,2239.775461,2836.666667,686.0294118,1745.461721,1034.249696,2480.759298,2471.111805,2195.776256,1445.670628,1469.936709,2010.822511,2065.360915,2274.294671,2214.6098,1246.932515,1727.80083,2105.714286,2170.068027,2444.860814,1725.364964,2356.382979,1105.291971,1888.540031,1779.301746,1718.453189,1865.521327,1353.365385,2275.31883,2696.759259,2067.982456,2178.699897,1994.857595,2053.018868,1927.354472,2483.870968,3364.369501,3131.163708,2342.105263,2225,280.3571429
Housing Prices,Median Contract Rent,1695.481928,2183.36163,2485.890653,648.9047619,1713.912719,990.3207965,2451.846966,2421.79878,2098.387097,1402.033272,1375,1908.575032,2016.162888,2190.429688,2154.569892,1195.891784,1650.537634,2105.714286,2001.886792,2359.339408,1629.273504,2279.97076,1034.563037,1828.099174,1605.080831,1526.315789,1718.75,1199.257426,2172.754947,2448.969072,1849.747475,2045.489493,1907.874016,1981.070496,1845.454545,2483.870968,3213.323353,2922.256098,2269.230769,2068.181818,247.8571429
Housing Prices,Median Rent as % of Household Income,25.24781491,20.65544041,20.94177158,40.21280148,25.75358783,31.00005669,20.09141566,20.43279017,22.05482759,26.7254717,25.7257874,21.33124166,21.46868038,19.35314438,20.89757998,28.99280058,22.22590909,29.65789474,22.34361111,20.35841446,20.0836478,22.17679466,31.34265905,22.82852941,29.35639535,29.99632911,36.56835443,33.80607843,21.68968322,20.08428571,31.12054264,26.99710317,34.425,24.46389452,25.32947485,28.04516129,22.98597561,23.70475146,21.88333333,17.95,28.16585366
Housing Prices,Median Home Value,1351821.192,1396309.315,1335772.834,957706.7669,1084625.323,769927.5362,2000000.143,1768672.199,2000000.408,819767.4419,970394.7368,1317137.809,1178571.429,1662719.298,1360942.907,950000,1097368.421,0,1267788.462,1561728.395,1429545.455,1244666.667,756698.6855,1233076.5,889533.2188,839615.1117,876230.5168,756511.7467,1426441.996,1381200.884,818556.701,1106260.021,1135638.298,1600689.127,1303948.397,2000000.729,2000001,914731.0513,857142.8571,0,708333.3333
Income,Median Household Income (B19013_001),88275,144372.2944,183786.526,25255.2356,91083.86535,35653.52697,165038.2226,169015.1995,149321.0863,76238.63636,88064.51613,133445.9459,137961.6963,172486.6717,162554.5171,69384.61538,120247.0588,54285.71429,128450.9202,175131.5789,169599.6276,170657.7267,64265.10989,139519.0024,98168.63324,90211.31137,90369.56522,71387.09677,136886.921,164651.222,88697.91667,113737.8027,61914.89362,116506.2435,104987.8714,173093.2203,200890.2433,167267.8088,157407.4074,143750,14025
Income,Median Family Income (B19113_001),89491.15044,165150.1767,208909.4118,32775.11962,120363.5015,60726.87225,207439.5688,208925.6923,208358.2135,83787.39316,177533.7838,153911.0429,169303.7975,200998.376,199757.6177,83450,118816.8847,37790.69767,172995.7806,205189.692,202386.6739,179047.619,69893.21608,148608.5343,100431.0345,91814.67828,99245.47284,78036.22159,171051.2273,182734.036,93992.13075,128340.1326,87349.39759,151630.4348,139766.9221,197544.6429,211129.1371,184623.8938,139583.3333,0,37083.33333
Income,Per Capita Income,74216.14645,107297.0175,125896.7544,31981.74262,72135.65135,37590.10592,115462.1399,121021.2529,107588.9561,61713.62852,74273.35962,58990.80161,87209.70017,93978.88975,106980.5973,62974.20401,64847.84244,17452.09441,76989.42776,108035.4595,83173.96833,96953.50571,29496.02817,69075.65463,34576.00431,32327.65114,36876.54155,25241.27781,74919.67568,78880.62697,32314.91464,48657.31477,29651.80731,70013.30852,57447.00899,105396.3702,80113.18031,89009.24974,49241.98718,107749.2063,16943.3925
Income,Percent in Poverty,0.121309263,0.062076189,0.09291309,0.237847222,0.12791381,0.242970859,0.043626152,0.059855608,0.073610321,0.160096111,0.106073567,0.093192378,0.085441086,0.062857738,0.056792873,0.222744835,0.113708985,0.492866848,0.056831066,0.04411199,0.068546989,0.108821976,0.177947916,0.058776585,0.06706534,0.087918813,0.083906212,0.145151166,0.078843079,0.037976981,0.095831966,0.071673434,0.277961615,0.085831366,0.093219599,0.025129637,0.035935269,0.08734472,0,0,0.441814596
Journey to Work,Other,0.0273071,0.075574941,0.019723159,0.022094431,0.057417629,0.036974352,0.081436994,0.079061629,0.025550942,0.055725131,0.077345309,0.069384476,0.049410949,0.068335979,0.040454633,0.038683766,0.045742836,0.004771643,0.057252772,0.040548971,0.022903971,0.069580638,0.031617932,0.036884693,0.012671745,0.011535306,0.018011613,0.018918341,0.031185148,0.016001957,0.019136808,0.024418683,0.022181628,0.022469475,0.025620374,0.036679537,0.078731742,0.069808232,0,0,0
Journey to Work,Workers 16 Years and Older,7141,12610,13943,6608,17573,15362,18149,15431,6262,12777,2004,9959,14430,13858,15573,14192,38629,1467,4419,14427,4759,9586,18091,14830,14047,20719,8439,9356,17829,20435,14736,44597,7664,13841,26073,1036,2807,8552,65,59,120
Journey to Work,Car,0.227139056,0.246708961,0.200172129,0.153299031,0.176065555,0.130581955,0.399250647,0.337372821,0.445704248,0.240823354,0.274451098,0.324128929,0.237214137,0.255015154,0.274513581,0.144165727,0.250252401,0.350374915,0.598551709,0.393983503,0.465013658,0.384936366,0.593775911,0.477275792,0.567665694,0.583281046,0.611328356,0.599187687,0.433843738,0.562857842,0.574239957,0.545440276,0.453679541,0.429593237,0.477160281,0.621621622,0.435696473,0.238540692,0.8,0.322033898,0.558333333
Journey to Work,Drove Alone,0.206833777,0.196510706,0.18410672,0.124243341,0.139076993,0.118864731,0.320458427,0.29298166,0.323698499,0.191594271,0.239021956,0.277437494,0.194455994,0.226439602,0.239067617,0.130284667,0.203577623,0.299931834,0.515501245,0.342898732,0.428031099,0.314938452,0.472997623,0.384086312,0.473766641,0.464259858,0.493897381,0.475630611,0.351954681,0.461658919,0.467290988,0.441845864,0.35960334,0.365941767,0.385379511,0.552123552,0.335589597,0.202759588,0.707692308,0.322033898,0.516666667
Journey to Work,Carpooled,0.020305279,0.050198255,0.016065409,0.02905569,0.036988562,0.011717224,0.07879222,0.044391161,0.122005749,0.049229084,0.035429142,0.046691435,0.042758143,0.028575552,0.035445964,0.01388106,0.046674778,0.050443081,0.083050464,0.051084772,0.036982559,0.069997914,0.120778288,0.093189481,0.093899053,0.119021188,0.117430975,0.123557076,0.081889057,0.101198923,0.106948969,0.103594412,0.0940762,0.06365147,0.091780769,0.069498069,0.100106876,0.035781104,0.092307692,0,0.041666667
Journey to Work,Transit,0.235821314,0.346074544,0.223624758,0.334291768,0.275308712,0.400338498,0.336106673,0.342881213,0.346694347,0.452062299,0.385229541,0.384677176,0.409286209,0.437364699,0.480896423,0.289811161,0.435683036,0.500340832,0.253903598,0.370763152,0.349653289,0.263300647,0.299707037,0.271274444,0.365700861,0.345383464,0.323498045,0.335827277,0.359190084,0.29493516,0.331568947,0.318093145,0.355688935,0.357055126,0.357266137,0.105212355,0.258995369,0.35652479,0.2,0.593220339,0.35
Journey to Work,Bike,0.04523176,0.036478985,0.023882952,0.010139225,0.025095317,0.045046218,0.028872114,0.01937658,0.021398914,0.053611959,0.02245509,0.063761422,0.095911296,0.073675855,0.04854556,0.041925028,0.100623884,0.023176551,0.016972166,0.039578568,0.029838201,0.096286251,0.014371787,0.068577208,0.011176764,0.011197452,0.007346842,0.001282599,0.0391497,0.012527526,0.008143322,0.025831334,0.002609603,0.058883029,0.03175699,0.054054054,0.076950481,0.039873714,0,0,0
Journey to Work,Walk,0.393082201,0.218556701,0.440220899,0.440526634,0.407443237,0.362192423,0.07576175,0.131294148,0.049984031,0.143460906,0.147205589,0.102821568,0.127650728,0.069634868,0.069543441,0.398463923,0.10647441,0.086571234,0.023761032,0.028904138,0.019331792,0.097642395,0.030457133,0.047066757,0.007118958,0.017761475,0.01303472,0.011436511,0.076672836,0.033912405,0.02259772,0.028522098,0.138308977,0.062784481,0.036282745,0.045366795,0.058781617,0.240294668,0,0.084745763,0.091666667
Journey to Work,Worked at Home,0.071418569,0.076605868,0.092376103,0.03964891,0.05866955,0.024866554,0.078571822,0.090013609,0.110667518,0.05431635,0.093313373,0.055226428,0.080526681,0.095973445,0.086046362,0.086950395,0.061223433,0.034764826,0.049558724,0.126221668,0.113259088,0.088253703,0.030070201,0.098921106,0.035665979,0.030841257,0.026780424,0.033347584,0.059958495,0.079765109,0.044313246,0.057694464,0.027531315,0.069214652,0.071913474,0.137065637,0.090844318,0.054957905,0,0,0
Language Spoken at Home,English Only,0.553714729,0.714156745,0.580435632,0.207914392,0.658484649,0.493287077,0.845397455,0.777497609,0.812449228,0.593774319,0.629268293,0.72377025,0.772454135,0.845839909,0.805363242,0.519027754,0.5734966,0.643241426,0.713815789,0.743925149,0.727215509,0.73090424,0.433598343,0.626618399,0.266628109,0.317495222,0.34858906,0.307789636,0.644337263,0.65907111,0.380667758,0.474262,0.521493913,0.624411194,0.557356351,0.810191083,0.832789355,0.509282971,0.701342282,0.920634921,0.318181818
Language Spoken at Home,Spanish Only,0.064026232,0.042035773,0.047226021,0.017380063,0.05683534,0.177554206,0.031399769,0.043039736,0.036860276,0.058823529,0.057962697,0.05089838,0.075990428,0.029765468,0.046893751,0.114549634,0.292540564,0.155682582,0.103157895,0.082118363,0.086606244,0.103271553,0.193830133,0.209028961,0.239196893,0.254797246,0.158063894,0.173671471,0.046445159,0.064439726,0.103818479,0.032286722,0.159777151,0.048397525,0.037395836,0.033970276,0.069545569,0.096350832,0.036912752,0,0.157024793
Language Spoken at Home,Asian/Pacific Islander,0.305548365,0.186932235,0.199746044,0.7573973,0.219636842,0.219219428,0.052759874,0.109207895,0.075142161,0.213321126,0.27804878,0.143976436,0.07636267,0.0408663,0.063232715,0.291503491,0.080681149,0.100874243,0.118947368,0.060725803,0.081570997,0.104535243,0.354039527,0.110306644,0.469429067,0.400612581,0.471041975,0.506546375,0.222686674,0.200860285,0.494346518,0.425210041,0.162872275,0.270758289,0.305479672,0.104883227,0.040170726,0.296975032,0.228187919,0.079365079,0.524793388
Language Spoken at Home,Other European Languages,0.075588921,0.052304915,0.14695253,0.016518242,0.054396221,0.081006071,0.065113204,0.060777324,0.069861901,0.099015793,0.03472023,0.077290133,0.054666312,0.074549709,0.067155912,0.066150179,0.045981115,0.071284465,0.058026316,0.10791661,0.079556898,0.057989329,0.015760596,0.050042589,0.019581922,0.023194324,0.021340875,0.010507207,0.081957842,0.063105739,0.012487151,0.054724979,0.146777633,0.051353099,0.092422121,0.048832272,0.056490083,0.088348271,0.033557047,0,0
Language Spoken at Home,Other Languages,0.001121753,0.004570332,0.025639773,0.000790003,0.010646947,0.028933218,0.005329698,0.009477437,0.005686434,0.035065232,0,0.004064801,0.020526456,0.008978615,0.01735438,0.008768943,0.007300573,0.028917283,0.006052632,0.005314075,0.025050352,0.003299635,0.002771401,0.004003407,0.005164009,0.003900626,0.000964196,0.001485312,0.004573062,0.012523141,0.008680093,0.013516258,0.009079029,0.005079893,0.007346021,0.002123142,0.001004268,0.009042894,0,0,0
Linguistic Isolation,% of All Households,0.156010009,0.093889296,0.05684704,0.588839414,0.11134771,0.193616652,0.017930921,0.017650639,0.041734362,0.118928817,0.21061693,0.050191458,0.035416113,0.004516515,0.005400166,0.153328793,0.097906217,0.048083389,0.043684211,0.016033065,0.024169184,0.029064869,0.139801803,0.060945486,0.160373461,0.136469541,0.146943498,0.14424029,0.051196856,0.043068714,0.149046332,0.10783816,0.087144921,0.065946245,0.109662313,0.02462845,0.010293748,0.130361716,0.020134228,0,0.464876033
Linguistic Isolation,% of Spanish-Speaking Households,0.003278971,0.006093776,0.005616331,0.005601839,0.010763096,0.050442324,0.000950256,0.002260673,0,0.017486839,0.011190818,0,0.010050518,0,0.000923105,0.032606845,0.070917302,0.027236046,0.019868421,0.007040015,0.008559919,0.004142095,0.033368792,0.04241908,0.032719161,0.037383178,0.01517002,0.027505776,0.002072169,0.003076337,0.01439068,0.001649872,0.030125868,0.0021705,0.001561029,0,0,0.011523688,0,0,0.138429752
Linguistic Isolation,% of Asian-Speaking Households,0.140219173,0.079049822,0.042684118,0.579000287,0.09284138,0.111569818,0.011320443,0.010259977,0.028533712,0.068894484,0.18938307,0.039116348,0.020154214,0.000544158,0.002353919,0.106972586,0.022312265,0.010759919,0.017236842,0.008175501,0.009944612,0.020008425,0.104249482,0.016013629,0.123605718,0.096259064,0.12618114,0.113653867,0.041050375,0.033240771,0.134008452,0.094639186,0.036247335,0.061143438,0.079887973,0.021656051,0,0.085067222,0.020134228,0,0.326446281
Linguistic Isolation,% of Other European-Speaking Households,0.010613513,0.0061502,0.007765189,0.003519104,0.006001007,0.024076323,0.005660221,0.003999652,0.01320065,0.02636759,0.010043042,0.01107511,0.004147833,0.003972357,0.002123142,0.012089222,0.003980508,0.010087424,0.003815789,0.00081755,0.003147029,0.002737995,0.00134371,0.001575809,0.000867553,0.001335113,0.003921064,0.000990208,0.008074312,0.006751606,0,0.00797015,0.020771717,0.000600351,0.027111407,0.002972399,0.010293748,0.030809859,0,0,0
Linguistic Isolation,% of Households Speaking Other Languages,0,0,0.000781403,0,0.001742228,0.00641804,0,0,0,0.004348821,0,0,0.001063547,0,0,0.000510812,0.000481945,0,0,0,0.002517623,0,0,0,0.000578369,0,0,0,0,0,0,0.001700637,0,0.000738894,0,0,0,0.002960948,0,0,0
Nativity,Foreign Born,0.376666104,0.235183858,0.404281005,0.731403241,0.314501796,0.420322785,0.154009852,0.197331027,0.18743505,0.36086168,0.34272036,0.204672739,0.19090863,0.152010376,0.189538708,0.435364536,0.316470989,0.25099734,0.223376957,0.241039005,0.208184025,0.214101972,0.412928238,0.281638654,0.55854165,0.511422052,0.486498071,0.489963787,0.283049528,0.268791061,0.463058482,0.410875402,0.344638876,0.298289917,0.341085778,0.171918628,0.110033128,0.407048858,0.403846154,0.079365079,0.506903353
Population,Total Population,11854,18139,21537,14438,26445,29927,25375,24279,10585,22607,3551,17677,19711,19275,22502,24058,58770,3008,7794,23407,8651,15161,37917,25167,25042,39879,16331,19330,29539,38662,27530,82682,14801,22572,45921,2507,4226,13222,312,63,507
Population,Group Quarter Population,17,5,563,53,977,1523,97,518,196,269,53,3186,502,311,72,1435,1575,1210,740,102,37,15,222,201,203,527,196,95,894,214,302,452,2723,147,202,0,0,342,191,0,0
Population,Percent Female,0.486080648,0.503500744,0.46561731,0.516207231,0.490640953,0.429912788,0.515152709,0.518225627,0.514218233,0.480470651,0.539566319,0.544719127,0.433108417,0.478236057,0.382499333,0.407307341,0.453020248,0.429853723,0.382473698,0.479771009,0.490925905,0.477804894,0.5199251,0.483251877,0.503234566,0.498758745,0.49990815,0.50305225,0.510714648,0.504940251,0.497239375,0.507921918,0.538950071,0.547891193,0.512336404,0.483845233,0.539990535,0.519286038,0.227564103,0.396825397,0.585798817
Race/Ethnicity,Asian,0.376919183,0.272451624,0.409620653,0.834395346,0.330875402,0.291375681,0.105852217,0.188887516,0.189041096,0.273101252,0.327513377,0.228998133,0.155446198,0.108274968,0.145320416,0.392385069,0.14954909,0.106382979,0.199640749,0.142307857,0.169113397,0.211199789,0.390669093,0.177653276,0.55155339,0.49993731,0.549139673,0.538644594,0.349233217,0.337721794,0.57980385,0.536791563,0.277481251,0.374800638,0.441519131,0.184284005,0.084003786,0.448570564,0.336538462,0.079365079,0.50887574
Race/Ethnicity,Black/African American,0.02606715,0.014333756,0.028648373,0.001315972,0.037133674,0.097537341,0.007763547,0.031632275,0.010581011,0.172512938,0.016333427,0.052667308,0.068489676,0.045966278,0.033774776,0.089408928,0.039135613,0.227726064,0.034385425,0.020378519,0.070974454,0.056592573,0.262468022,0.041403425,0.015254373,0.022041676,0.047210826,0.116088981,0.024746945,0.024546066,0.106356702,0.015940592,0.069319641,0.018784335,0.019816642,0,0.021060104,0.024655877,0.16025641,0,0.224852071
Race/Ethnicity,White,0.512400877,0.673300623,0.481496959,0.1210694,0.543959161,0.405854245,0.836453202,0.707277894,0.712801134,0.427920556,0.528865108,0.582734627,0.652173913,0.769857328,0.731846058,0.363247153,0.530474732,0.40625,0.650628689,0.732174136,0.643971795,0.558010685,0.119207743,0.569436166,0.229174986,0.236515459,0.198456922,0.122090016,0.52923254,0.541513631,0.184707592,0.348310394,0.425173975,0.527511962,0.445765554,0.718388512,0.737103644,0.445620935,0.467948718,0.920634921,0.055226824
Race/Ethnicity,Native American Indian,0.376919183,0.272451624,0.409620653,0.834395346,0.330875402,0.291375681,0.105852217,0.188887516,0.189041096,0.273101252,0.327513377,0.228998133,0.155446198,0.108274968,0.145320416,0.392385069,0.14954909,0.106382979,0.199640749,0.142307857,0.169113397,0.211199789,0.390669093,0.177653276,0.55155339,0.49993731,0.549139673,0.538644594,0.349233217,0.337721794,0.57980385,0.536791563,0.277481251,0.374800638,0.441519131,0.184284005,0.084003786,0.448570564,0.336538462,0.079365079,0.50887574
Race/Ethnicity,Native Hawaiian/Pacific Islander,0.001855914,0.000937207,0.001903701,0.002424158,0.000983173,0.004277074,0.000985222,0.000906133,0.002267359,0.001282789,0.007603492,0.000565707,0.001116128,0,0.002977513,0.005694571,0.001854688,0.033244681,0.003592507,0.001238946,0,0,0.020966849,0.000596019,0.003114767,0.000451365,0.002755496,0.026073461,0.001286435,0.00204335,0.00145296,0.006385912,0.001824201,0,0.001938111,0,0,0,0,0,0.067061144
Race/Ethnicity,Other/Two or More Races,0.082081998,0.037322895,0.078330315,0.032691509,0.08319153,0.18635346,0.046975369,0.069566292,0.085214927,0.113637369,0.117431709,0.13378967,0.120338897,0.075797665,0.084436939,0.141740793,0.270393058,0.218085106,0.11175263,0.101764429,0.112934921,0.171888398,0.205211383,0.202248977,0.200143758,0.236339928,0.195272794,0.19560269,0.094011307,0.092700843,0.124736651,0.090975061,0.220120262,0.077618288,0.090459703,0.097327483,0.144817795,0.073740735,0.03525641,0,0.143984221
Race/Ethnicity,% Latino (of Any Race),0.08149148,0.058051712,0.070994103,0.030475135,0.106825487,0.241153473,0.07129064,0.080975328,0.061691072,0.09298005,0.092649958,0.117157889,0.134138298,0.07538262,0.080303973,0.16780281,0.356678578,0.260305851,0.138824737,0.115435553,0.120448503,0.146692171,0.234433104,0.262764732,0.285879722,0.319616841,0.241932521,0.241076048,0.087003622,0.103615954,0.149291682,0.074828862,0.231065469,0.081206805,0.065416694,0.041483845,0.139138665,0.126002118,0.03525641,0,0.199211045
Structure Type,Single Family Housing,0.067663043,0.060026918,0.038038592,0.020844258,0.029903758,0.012851806,0.116326255,0.130093407,0.263650248,0.0668598,0.090729783,0.134347826,0.087773705,0.172143802,0.202523507,0.037343825,0.146071279,0.229651163,0.364190981,0.405052415,0.643784787,0.236798906,0.617352964,0.576794573,0.817275748,0.829019608,0.801325834,0.70440844,0.421268052,0.868071028,0.831703489,0.730312036,0.135012308,0.232482787,0.351700345,0.769607843,0.25748503,0,0.46835443,0,0.203187251
Structure Type,2-4 Units,0.284782609,0.324629879,0.005671208,0.110907184,0.090570577,0.01758406,0.300689842,0.156694193,0.312523864,0.107799039,0.114792899,0.44115942,0.27196692,0.413983238,0.424174235,0.0717885,0.325184308,0.431686047,0.124933687,0.368705963,0.234031275,0.335294118,0.151090465,0.33319834,0.128123646,0.090893246,0.114302933,0.139977393,0.303266662,0.066437108,0.106362429,0.17020127,0.090702518,0.472053463,0.400689995,0.155882353,0.525449102,0.011043622,0.392405063,0.3125,0.111553785
Structure Type,5-9 Units,0.220108696,0.194078062,0.009060101,0.122836917,0.117896425,0.025902864,0.132152036,0.167388656,0.130966018,0.104368377,0.043786982,0.183333333,0.180998027,0.20114689,0.163947601,0.052046663,0.17697391,0.284883721,0.129442971,0.116858567,0.028359396,0.07004104,0.069285883,0.037157031,0.01025567,0.037559913,0.027119325,0.089299171,0.116225191,0.016204173,0.006640106,0.053626908,0.05907972,0.146213042,0.116116313,0.047058824,0.051646707,0,0.050632911,0.125,0.187250996
Structure Type,10-19 Units,0.074728261,0.187169134,0.017428591,0.168589407,0.222502291,0.072478207,0.293520898,0.20014891,0.180985109,0.12350385,0.057199211,0.128550725,0.154120853,0.147772386,0.077071446,0.076896528,0.103021506,0.043604651,0.256233422,0.02981612,0.012456931,0.096990424,0.025194867,0.012554419,0.028600318,0.027102397,0.025914022,0.034664657,0.081936829,0.019309972,0.00458771,0.025665271,0.085779208,0.124746861,0.082750123,0.02745098,0.006736527,0.015875207,0,0.104166667,0.055776892
Structure Type,20 Units or More,0.348097826,0.234096007,0.929801508,0.566334557,0.539126948,0.869339975,0.156364128,0.343982672,0.111874761,0.595181825,0.693491124,0.112608696,0.303260972,0.057123952,0.129952584,0.761924484,0.244929142,0.010174419,0.121485411,0.077504726,0.081367612,0.258549932,0.135422408,0.038675711,0.015744619,0.013159041,0.021896344,0.026186888,0.074059773,0.028087232,0.049619703,0.020025665,0.628100738,0.024503848,0.048743223,0,0.148952096,0.973081171,0.088607595,0.458333333,0.442231076
Structure Type,Other,0.0273071,0.075574941,0.019723159,0.022094431,0.057417629,0.036974352,0.081436994,0.079061629,0.025550942,0.055725131,0.077345309,0.069384476,0.049410949,0.068335979,0.040454633,0.038683766,0.045742836,0.004771643,0.057252772,0.040548971,0.022903971,0.069580638,0.031617932,0.036884693,0.012671745,0.011535306,0.018011613,0.018918341,0.031185148,0.016001957,0.019136808,0.024418683,0.022181628,0.022469475,0.025620374,0.036679537,0.078731742,0.069808232,0,0,0
Unit Size,No Bedroom,0.225543478,0.111081202,0.232242894,0.532773991,0.341372594,0.655292653,0.163803598,0.170096115,0.047346315,0.19585271,0.246548323,0.087681159,0.186824547,0.087340097,0.090653379,0.392627873,0.185568586,0.00872093,0.0933687,0.041587902,0.026504108,0.101504788,0.030155106,0.048192771,0.030044778,0.021002179,0.030132583,0.024302939,0.06904008,0.010802782,0.033924906,0.022322032,0.106987313,0.060247064,0.067668802,0,0.017215569,0.109331861,0,0,0.019920319
Unit Size,1 Bedroom,0.374320652,0.376312248,0.294211218,0.206476141,0.394191109,0.253449564,0.368321385,0.387369704,0.303550974,0.362659145,0.489546351,0.288985507,0.326942956,0.298632554,0.335851483,0.348795472,0.259024409,0.024709302,0.300795756,0.241622272,0.162205142,0.211080711,0.124084718,0.167257264,0.090134335,0.090457516,0.093210125,0.093632253,0.247046104,0.057389778,0.072920439,0.110698366,0.329672411,0.225698663,0.226170527,0.045098039,0.080838323,0.446300387,0.215189873,0.5625,0.498007968
Unit Size,2 Bedrooms,0.273505435,0.339793629,0.38820112,0.168851599,0.180281852,0.057235367,0.26335723,0.234195208,0.286941581,0.278646032,0.181065089,0.327391304,0.304200733,0.252536392,0.322992847,0.18851384,0.316551434,0.306686047,0.276127321,0.321361059,0.351444474,0.393433653,0.352334462,0.374000202,0.382348693,0.374553377,0.342507031,0.364920874,0.297860839,0.267908987,0.38850658,0.363940294,0.411285741,0.362596193,0.358255298,0.205882353,0.22754491,0.410684705,0.556962025,0.4375,0.314741036
Unit Size,3-4 Bedrooms,0.12201087,0.167160162,0.081748392,0.064630309,0.081290101,0.020772105,0.18578385,0.177812373,0.306414662,0.153769917,0.082840237,0.272898551,0.168687153,0.330502867,0.232500201,0.061641472,0.226288246,0.611918605,0.318302387,0.375236295,0.445269017,0.29124487,0.454216203,0.391616888,0.424382493,0.469891068,0.491161109,0.473813112,0.359873349,0.595975964,0.459978269,0.452451709,0.152054535,0.314499797,0.311089207,0.591176471,0.633233533,0.033683048,0.227848101,0,0.167330677
Unit Size,5 or More Bedrooms,0.004619565,0.005652759,0.003596376,0.02726796,0.002864345,0.013250311,0.018733938,0.030526601,0.055746468,0.009072196,0,0.023043478,0.01334461,0.03098809,0.01800209,0.008421343,0.012567325,0.047965116,0.011405836,0.020192473,0.014577259,0.002735978,0.039209511,0.018932874,0.073089701,0.044095861,0.042989152,0.043330821,0.026179628,0.06792249,0.044669806,0.0505876,0,0.036958283,0.036816166,0.157843137,0.041167665,0,0,0,0
Vehicles Available,Vehicles Available,4182,7393,7890,1906,7228,3325,13627,11979,5494,8075,1280,6819,7028,8281,11297,5674,19121,710,5123,13276,5019,8269,17915,13041,11231,19525,8266,8741,16031,24865,13366,46656,5435,10923,23016,1655,2429,4604,100,55,125
Vehicles Available,Vehicles Homeowners,0.37446198,0.353036656,0.463624842,0.172612802,0.269922524,-601503.6848,0.365524327,0.382001837,0.508918821,0.337708978,0.19375,0.432468104,0.282299374,0.457553436,0.538195981,0.350017624,0.38125621,-938967.1352,0.453054851,0.603570353,0.704921299,0.537187084,0.681216857,0.653477494,0.734306829,0.720614597,0.754173724,0.705868894,0.562160813,0.830082445,0.762157714,0.678583676,-245323.4458,0.405749336,0.506560653,0.828398792,0.037052285,0.428757602,0.55,-12121212.11,0.68
Vehicles Available,Vehicles Renters,0.62553802,0.646963344,0.536375158,0.827387198,0.730077476,0.926015038,0.634475673,0.617998163,0.491081179,0.662291022,0.80625,0.567531896,0.717700626,0.542446564,0.461804019,0.649982376,0.61874379,1,0.546945149,0.396429647,0.295078701,0.462812916,0.318783143,0.346522506,0.265693171,0.279385403,0.245826276,0.294131106,0.437839187,0.169917555,0.237842286,0.321416324,0.925666973,0.594250664,0.493439347,0.171601208,0.962947715,0.571242398,0.45,1,0.32
Vehicles Available,Vehicles Per Capita,0.352792306,0.407574839,0.366346288,0.132012744,0.273321989,0.111103686,0.537024631,0.493389349,0.519036372,0.357190251,0.360461842,0.385755501,0.356552179,0.429623865,0.502044263,0.235846704,0.325353071,0.236037234,0.657300488,0.567180758,0.580164143,0.545412572,0.472479363,0.518178567,0.448486543,0.489606058,0.50615394,0.452198655,0.542706253,0.643137965,0.48550672,0.564282431,0.367204919,0.483918129,0.501208597,0.660151576,0.574775201,0.348207533,0.320512821,0.873015873,0.246548323
Vehicles Available,Households with no Vehicle,0.475305701,0.390826069,0.415862618,0.760967135,0.610349577,0.816760156,0.25126997,0.287631682,0.229968783,0.441037938,0.556928508,0.246452223,0.416597596,0.302565973,0.295498676,0.641945774,0.406654888,0.336633663,0.113120873,0.149531844,0.118858084,0.154654432,0.182389937,0.132666377,0.135151069,0.097029883,0.165876777,0.185658915,0.175181885,0.058417762,0.146195859,0.103971426,0.265028432,0.218220565,0.202873686,0.029180696,0.024924471,0.371831432,0.1,0.375,0.686192469
Vehicles Available,Percent of Homeowning Households,0.165289256,0.178691275,0.196374622,0.334916865,0.245337159,0.422222222,0.078323699,0.124632569,0.101481075,0.233560091,0.438943894,0.102808425,0.190695297,0.110860579,0.111311809,0.2535,0.172895623,0,0.021443888,0.083976157,0.067567568,0.04727747,0.06944892,0.065938206,0.074779062,0.069968873,0.108594477,0.068239564,0.083270106,0.035625746,0.086541988,0.082420976,0,0.161136024,0.117702448,0.008941878,0,0.184515531,0.159090909,0,0
Vehicles Available,Percent of Renting Households,0.5583971,0.460562603,0.520245559,0.788621647,0.668364244,0.82708297,0.310382298,0.346542016,0.308517773,0.50182704,0.575140092,0.312327507,0.474012474,0.394282632,0.413708158,0.715654649,0.484522207,0.336633663,0.174664107,0.223096596,0.223147377,0.243902439,0.304948418,0.223765432,0.247470489,0.152773906,0.279141104,0.32016632,0.244792415,0.140449438,0.280694502,0.140645901,0.27938343,0.249834437,0.259315386,0.090909091,0.025581395,0.469073406,0,0.375,0.803921569
