Neighborhood,Total Population,Group Quarter Population,Percent Female,Housholds,Family Households,Non-Family Households,"Single Person Households, % of Total","Households with Children, % of Total","Households with 60 years and older, % of Total",Average Household Size,Average Family Household Size,Asian,Black/African American,White,Native American Indian,Native Hawaiian/Pacific Islander,Other/Two or More Races,% Latino (of Any Race),0-4 Years,5-17 Years,18-34 Years,35-59 Years,60 and older,High School or Less,Some College/Associate Degree,College Degree,Graduate/Professional Degree,Foreign Born,English Only,Spanish Only,Asian/Pacific Islander,Other European Languages,Other Languages,% of All Households,% of Spanish-Speaking Households,% of Asian-Speaking Households,% of Other European-Speaking Households,% of Households Speaking Other Languages,Total Number of Units,Median Year Structure Built,Owner Occupied,Renter Occupied,Vacant Units,For Rent,For Sale Only,"Rented or Sold, Not Occupied","For Seasonal, Recreation or Occasional Use",Other Vacant,Median Year Moved in to Unit (Own),Median Year Moved in to Unit (Rent),Percent in Same House Last Year,Percent Abroad Last Year,"Overcrowding, Renter Occupied Housing",Single Family Housing,2-4 Units,5-9 Units,10-19 Units,20 Units or More,Other Type,No Bedroom,1 Bedroom,2 Bedrooms,3-4 Bedrooms,5 or More Bedrooms,Median Rent,Median Contract Rent,Median Rent as % of Household Income,Rent Burdened,Extremely Rent Burdened,Median Home Value,Vehicles Available,Vehicles Homeowners,Vehicles Renters,Vehicles Per Capita,Households with no Vehicle,Percent of Homeowning Households,Percent of Renting Households,Median Household Income (B19013_001),Median Family Income (B19113_001),Per Capita Income,Percent in Poverty,Household Income Less than 10000,Household Income 10000 to 14999,Household Income 15000 to 19999,Household Income 20000 to 24999,Household Income 25000 to 29999,Household Income 30000 to 34999,Household Income 35000 to 39999,Household Income 40000 to 44999,Household Income 45000 to 49999,Household Income 50000 to 59999,Household Income 60000 to 74999,Household Income 75000 to 99999,Household Income 100000 to 124999,Household Income 125000 to 149999,Household Income 150000 to 199999,Household Income Greater than 200000,Unemployment Rate,Percent Unemployment Female,Percent Unemployment Male,Employed Residents,Managerial Professional,Services,Sales and Office,Natural Resources,Production Transport Materials,Workers 16 Years and Older,Car,Drove Alone,Carpooled,Transit,Bike,Walk,Other Journey Type,Worked at Home,Population Density per Acre
Bayview Hunters Point,39253.0,213.0,0.49868799836955136,11880.0,0.6867845117845118,0.3132154882154882,0.2313973063973064,0.3526094276094276,0.47104377104377104,3.2861952861952863,4.086285083956367,0.39892492293582654,0.26897307212187604,0.12286958958550939,0.0014266425496140423,0.012712404147453699,0.19509336865972027,0.22260718925941966,0.06109087203525845,0.1585866048454895,0.23210964767024175,0.3324841413395154,0.2157287341094948,0.45904061700364,0.2698670126500162,0.18924568421811366,0.08184668612823008,0.3938552467327338,0.45974765974765974,0.1781305114638448,0.34727988061321396,0.012481345814679148,0.0023606023606023607,0.15596255596255595,0.03795957129290463,0.11344458011124678,0.0020621353954687286,0.0,12946.0,1967.6570289132603,0.5227272727272727,0.4772727272727273,0.08234203615016221,0.1303939962476548,0.06848030018761726,0.16416510318949343,0.1022514071294559,0.5347091932457786,2004.4314489928524,2012.0952092177076,0.934988911238331,0.0035071432255402548,0.12345679012345678,0.5741541788969566,0.17209949019002008,0.06156341727174417,0.028580256449868686,0.1565734589834698,0.007029198207940676,0.03630465008496833,0.12413100571605129,0.36451413564035223,0.44253051135485866,0.0325196972037695,1267.9340028694405,1114.7672552166935,32.69904513888889,0.508994708994709,0.25573192239858905,873552.1235521236,17974.0,0.660509625013909,0.339490374986091,0.4579013069064785,0.1648989898989899,0.06666666666666667,0.2724867724867725,69973.82198952879,73498.20143884892,32803.90543397957,0.16894381332514585,1191.0,650.0,309.0,449.0,565.0,234.0,396.0,323.0,453.0,735.0,955.0,838.0,741.0,1021.0,1285.0,1735.0,0.08972292191435768,0.5247858942065491,0.5649370277078085,18043.0,0.34212714071939254,0.28121709250124705,0.19980047663913983,0.0660089785512387,0.11084631158898188,17491.0,0.578926304956835,0.45480532845463384,0.12412097650220114,0.26333542964953405,0.012978103024412555,0.030644331370419074,0.030644331370419074,0.08347149962838031,39253.0
Bernal Heights,25325.0,150.0,0.4715103652517275,9088.0,0.6106954225352113,0.38930457746478875,0.22964348591549297,0.300506161971831,0.3438600352112676,2.770136443661972,3.482882882882883,0.1658045409674235,0.03174728529121421,0.5256860809476802,0.0065942744323790724,0.0011451135241855874,0.2690227048371175,0.30681145113524183,0.07285291214215202,0.10590325765054294,0.21765054294175715,0.4018163869693978,0.20177690029615006,0.23410128996637053,0.18164934999749033,0.311900818149877,0.2723485418862621,0.2729318854886476,0.6172487223168655,0.2401618398637138,0.09842419080068143,0.039352640545144806,0.004812606473594549,0.05298126064735945,0.038756388415672915,0.012989778534923339,0.0012350936967632027,0.0,10040.0,1939.0,0.5742737676056338,0.4257262323943662,0.09482071713147411,0.12184873949579832,0.03361344537815126,0.5189075630252101,0.0661764705882353,0.25945378151260506,2004.1058052434457,2012.478471474704,0.9035764235764235,0.004795204795204795,0.11320754716981132,0.548406374501992,0.3450199203187251,0.036354581673306775,0.018127490039840637,0.045717131474103584,0.006374501992031873,0.04123505976095618,0.1745019920318725,0.3493027888446215,0.41523904382470117,0.019721115537848607,2030.5486284289277,1914.9159663865546,21.74793307086614,0.28637890927888343,0.15171879038511243,1371336.9963369963,12735.0,0.6652532391048293,0.3347467608951708,0.502862783810464,0.15184859154929578,0.08813949032381682,0.23778754200051694,153638.25363825363,166066.06606606607,79420.4777887463,0.07293277810826888,385.0,264.0,123.0,164.0,163.0,102.0,126.0,153.0,139.0,383.0,357.0,896.0,525.0,694.0,962.0,3652.0,0.03557831167126165,0.45030852041486147,0.5852697912564001,14692.0,0.6152327797440784,0.1313640076231963,0.15702423087394501,0.06255104818949088,0.03382793356928941,14348.0,0.43713409534429887,0.35468357959297464,0.08245051575132423,0.21745190967382214,0.05729021466406468,0.04579035405631447,0.043908558684137164,0.1984248675773627,25325.0
Castro/Upper Market,22923.0,70.0,0.3667495528508485,11756.0,0.32562095951003744,0.6743790404899626,0.42267778155835317,0.11449472609731201,0.2608029942157196,1.9439435182034706,2.678944618599791,0.12864808271168696,0.0325873576756969,0.7112943332024604,0.004449679361340139,0.004580552283732496,0.1184399947650831,0.08484927801771147,0.026043711556079048,0.07141299131876282,0.2679404964446189,0.4598874492867426,0.17471535139379663,0.07071922961179657,0.12970207643695456,0.41779516501153574,0.3817835289397131,0.18645029010164463,0.8121024814118069,0.04976260861775508,0.06732061273851116,0.060109289617486336,0.010705007614440563,0.008689420406700708,0.001119770670966586,0.005419690047478276,0.002149959688255845,0.0,13001.0,1939.0,0.42386866281047975,0.5761313371895203,0.09576186447196369,0.3076305220883534,0.00642570281124498,0.46586345381526106,0.12289156626506025,0.09718875502008033,2007.1018697614443,2013.7421929215823,0.8311568394670887,0.017763707514400037,0.017865052413996753,0.21706022613645104,0.3965079609260826,0.1600646104145835,0.0971463733558957,0.12783632028305514,0.0013845088839320053,0.10445350357664795,0.3204368894700408,0.3149757710945312,0.23890469963848934,0.021229136220290747,2306.6528066528067,2237.596471885336,20.355212922173276,0.3127122397755795,0.15384615384615385,1414008.6206896552,11121.0,0.5826814135419477,0.4173185864580523,0.48514592330846745,0.3023987750935692,0.11559301625526791,0.4398346375313746,188552.18855218857,210569.0259579728,115739.32295074816,0.057909480871925066,468.0,323.0,249.0,168.0,156.0,228.0,134.0,179.0,132.0,375.0,477.0,699.0,667.0,707.0,1188.0,5606.0,0.04584253566525399,0.3466244851668358,0.6992180504984182,15953.0,0.769447752773773,0.0673227606092898,0.12511753275246035,0.012098037986585595,0.026013915877891307,15527.0,0.2332066722483416,0.19482192310169383,0.03838474914664777,0.37347845688156117,0.04179815804727249,0.05551619759129259,0.043215044760739355,0.2527854704707928,22923.0
Chinatown,13698.0,55.0,0.5414659074317418,6483.0,0.5040876137590622,0.49591238624093786,0.4318988122782662,0.14376060465833718,0.6054295850686411,2.104426962825852,2.9556303549571603,0.8292451452766827,0.012337567528106294,0.10067163089502117,0.007446342531756461,0.0029931376843334795,0.04730617608409987,0.0331435246021317,0.021974010804497006,0.07387939845232881,0.23061760840998685,0.29106438896189224,0.38246459337129507,0.6596730483433867,0.11478276073083311,0.14870180959874116,0.07684238132703908,0.7106876916338152,0.2310218705680376,0.02343808315294469,0.7317309845487796,0.013809061730238112,0.0,0.49190117190415766,0.012614764499514817,0.47674852578935584,0.0011196536538030902,0.0,7467.0,1939.0,0.06987505784359092,0.9301249421564091,0.13177983125753315,0.4034552845528455,0.0,0.09247967479674797,0.09349593495934959,0.4105691056910569,2006.1708860759493,2010.2842465753424,0.9230938577823439,0.00667791883760182,0.26683250414593696,0.02209722780233025,0.12280701754385964,0.12615508236239453,0.17557251908396945,0.5492165528324628,0.00415160037498326,0.4870764698004553,0.20342841837417971,0.1834739520557118,0.09347796973349404,0.0325431900361591,805.7352941176471,765.6387665198238,31.755521472392637,0.5058043117744611,0.2671641791044776,1228693.1818181819,1788.0,-372855.85402684566,0.7768456375838926,0.1305300043802015,0.7501156871818603,0.3090507726269316,0.7832504145936982,28608.179419525066,36197.47899159664,34046.459337129505,0.2769275829245076,888.0,1047.0,566.0,467.0,379.0,130.0,305.0,193.0,148.0,404.0,361.0,450.0,305.0,202.0,277.0,361.0,0.07558471192241871,0.5544780376497433,0.5211066742726754,6482.0,0.3171860536871336,0.38275223696390004,0.17201481024375193,0.047516198704103674,0.08053070040111077,6163.0,0.14424793120233653,0.11861106603926659,0.025636865163069934,0.32094759045919197,0.003731948726269674,0.39818270322894694,0.01833522635080318,0.11455460003245173,13698.0
Excelsior,40157.0,542.0,0.4987175336803048,11207.0,0.7471223342553761,0.2528776657446239,0.16293388061033282,0.3189078254662265,0.5070937806727938,3.534844293744981,4.121103547115729,0.5078815648579326,0.022760664392260377,0.20726149861792464,0.0024155190875812436,0.002017082949423513,0.2576636700948776,0.30968448838309637,0.04547152426725104,0.1290435042458351,0.2211569589361755,0.3618796224817591,0.24244839006897925,0.42229685665840616,0.2726946654493283,0.23043563323333768,0.07457284465892787,0.4759817715466793,0.3296026714669589,0.24291043802666248,0.40225926795544076,0.020583861626359865,0.004643760924578018,0.11001539224126686,0.029949649109076205,0.0787352273616655,0.0006261250684824294,0.0,11815.0,1942.8609785202864,0.683590613009726,0.31640938699027393,0.05146000846381718,0.13322368421052633,0.11677631578947369,0.08881578947368421,0.05263157894736842,0.6085526315789473,1999.4979402677652,2010.2642073778663,0.9291397876452723,0.004216973317603353,0.21122391426959955,0.8155734236140499,0.09174777824798984,0.04341938214134575,0.039441388066017775,0.006601777401608125,0.003216250528988574,0.03080829454083792,0.08176047397376217,0.35674989420228526,0.48421498095641136,0.046466356326703345,2000.6605019815058,1772.644927536232,30.262162162162163,0.4514946418499718,0.20022560631697686,986317.6373399422,19821.0,0.7169164017960749,0.28308359820392515,0.493587668401524,0.11278665120014277,0.08419266414306226,0.1745628877608573,101411.45410235581,105182.9268292683,35808.21276489778,0.09736748125095658,347.0,307.0,236.0,173.0,303.0,386.0,307.0,185.0,233.0,616.0,1141.0,1300.0,1231.0,904.0,1493.0,2045.0,0.0657362549446642,0.4925552246766523,0.5731810302680119,21020.0,0.3567078972407231,0.2676498572787821,0.20685061845861086,0.06960038058991437,0.09919124643196955,20509.0,0.5605831586132918,0.4324442927495246,0.12813886586376713,0.30835243064020673,0.006826271393046955,0.017894582866058804,0.014530206250914232,0.09181335023648154,40157.0
Financial District,22828.0,540.0,0.4533467671280883,12091.0,0.36274915226201304,0.6372508477379869,0.42329005045074847,0.07782648250765031,0.18691588785046728,1.8433545612439004,2.4856361149110806,0.4229893113719993,0.028955668477308568,0.4740669353425618,0.001489398983704223,0.007446994918521114,0.06505169090590503,0.06312423339758191,0.04617136849483091,0.02006308042754512,0.42509199229017,0.3664797616961626,0.1421937970912914,0.10308365454734868,0.10219814564017085,0.3767059068652985,0.418012292947182,0.3995969861573506,0.556076054009369,0.05102415725176816,0.2604482410214017,0.12942040966290072,0.003031138054560485,0.06112795076696978,0.008220813814641315,0.04349223844952696,0.009414898502801507,0.0,15848.0,2002.771551724138,0.33495988751964273,0.6650401124803573,0.2370646138313983,0.25126430662762844,0.0846420015970189,0.08810220920947565,0.42720255523023687,0.14878892733564014,2012.70087124879,2015.995270469997,0.7059108527131783,0.03382663847780127,0.10782241014799154,0.0668854114083796,0.0020822816759212518,0.007004038364462392,0.01779404341241797,0.9055401312468451,0.0006940938919737506,0.21195103483089348,0.33568904593639576,0.33196617869762746,0.1129480060575467,0.007445734477536598,2872.464898595944,2775.8741258741256,20.34051054384018,0.33105335157318744,0.12088048750155453,1384226.8842268842,7010.0,0.3880171184022825,0.6119828815977175,0.30707902575784124,0.3929368952113142,0.14839506172839506,0.5161049620693944,197792.07232267037,210415.57906137183,141356.0977746627,0.12303954053457035,411.0,155.0,301.0,95.0,330.0,167.0,204.0,277.0,71.0,424.0,249.0,497.0,771.0,719.0,1438.0,5982.0,0.0698782105390088,0.49391052695044013,0.5759676835885686,15427.0,0.7855059311596552,0.069423737602904,0.10345498152589616,0.011797497893303947,0.029817851818240745,14849.0,0.15118863223112666,0.13987473903966596,0.011313893191460705,0.21031719307697488,0.02727456394369991,0.3766583608323793,0.027341908546030035,0.2072193413697892,22828.0
Glen Park,8730.0,38.0,0.5309278350515464,3599.0,0.5693248124479022,0.4306751875520978,0.2889691580994721,0.23895526535148653,0.3684356765768269,2.41511530980828,3.1132259638848216,0.13688430698739978,0.06872852233676977,0.6010309278350515,0.001718213058419244,0.0,0.1916380297823597,0.13676975945017184,0.06254295532646048,0.13298969072164948,0.19369988545246278,0.3994272623138603,0.211340206185567,0.08140438092279012,0.14463259282274352,0.3616591579928538,0.4123038682616125,0.20515463917525772,0.737781036168133,0.10019550342130987,0.06537145650048876,0.06830400782013685,0.028347996089931573,0.028714565004887584,0.005376344086021506,0.009775171065493646,0.011974584555229716,0.0015884652981427176,3827.0,1954.3773946360154,0.6085023617671576,0.39149763823284245,0.05957669192579044,0.15789473684210525,0.16228070175438597,0.27631578947368424,0.0,0.40350877192982454,2003.54,2011.7409638554218,0.8904363974001857,0.008240482822655524,0.048970901348474094,0.6171936242487588,0.2545074470864907,0.021949307551607004,0.01620067938332898,0.09014894172981448,0.0,0.0329239613274105,0.15521296054350667,0.36503788868565457,0.437940945910635,0.008884243532793311,2247.1153846153848,2099.8098859315587,19.499086757990867,0.3030518097941803,0.1334279630943932,1488486.8421052631,4922.0,0.653799268590004,0.3462007314099959,0.5638029782359679,0.09947207557654904,0.042922374429223746,0.1873669268985096,174779.1519434629,200507.26666666666,89846.71248568156,0.05443664403268501,123.0,38.0,42.0,56.0,27.0,178.0,113.0,13.0,57.0,102.0,129.0,181.0,276.0,184.0,566.0,1514.0,0.04489252425337645,0.5052311204108807,0.5396614038424957,5007.0,0.762532454563611,0.08508088675853805,0.08548032754144198,0.018773716796484922,0.04813261433992411,4892.0,0.3992232215862633,0.34403107113654946,0.05519215044971382,0.24325429272281276,0.02350776778413737,0.01349141455437449,0.022485690923957483,0.2980376124284546,8730.0
Golden Gate Park,25.0,0.0,0.36,17.0,0.17647058823529413,0.8235294117647058,0.5882352941176471,0.0,0.0,1.4705882352941178,2.0,0.2,0.0,0.56,0.0,0.0,0.24,0.24,0.0,0.0,0.56,0.44,0.0,0.0,0.2,0.4,0.4,0.44,0.56,0.24,0.2,0.0,0.0,0.0,0.0,0.0,0.0,0.0,17.0,1959.0,0.0,1.0,0.0,0.0,0.0,0.0,0.0,0.0,0.0,2015.7777777777778,0.44,0.2,0.0,0.17647058823529413,0.0,0.29411764705882354,0.29411764705882354,0.23529411764705882,0.0,0.0,0.7058823529411765,0.0,0.0,0.29411764705882354,2694.4444444444443,2694.4444444444443,25.572222222222223,0.17647058823529413,0.0,0.0,26.0,-25641025.615384616,1.0,1.04,0.0,0.0,0.0,146875.0,175000.0,87892.0,0.0,0.0,0.0,0.0,0.0,0.0,0.0,5.0,0.0,0.0,0.0,0.0,0.0,0.0,4.0,8.0,0.0,0.12,0.36,0.76,22.0,0.5909090909090909,0.18181818181818182,0.22727272727272727,0.0,0.0,22.0,0.3181818181818182,0.3181818181818182,0.0,0.22727272727272727,0.0,0.22727272727272727,0.0,0.22727272727272727,25.0
Haight Ashbury,19025.0,296.0,0.4424704336399474,8150.0,0.37533742331288344,0.6246625766871166,0.30503067484662577,0.16171779141104295,0.1947239263803681,2.298036809815951,3.009480222294868,0.1088042049934297,0.039684625492772664,0.7573193166885677,0.001314060446780552,0.0,0.09287779237844941,0.06544021024967149,0.05019710906701708,0.07080157687253613,0.4228646517739816,0.3349277266754271,0.12120893561103811,0.06228956228956229,0.13105413105413105,0.4799274799274799,0.32672882672882675,0.13818659658344284,0.8492529053680132,0.026784726065301606,0.05462091864969563,0.06264526840066409,0.0066961815163254015,0.007692307692307693,0.002324294410625346,0.0017155506364139458,0.0036524626452684008,0.0,9074.0,1939.0,0.2710429447852761,0.728957055214724,0.10182940268900155,0.17424242424242425,0.0,0.42207792207792205,0.30194805194805197,0.10173160173160173,2008.060975609756,2015.1515994436718,0.7797625414482833,0.010161514600492031,0.01178252819390675,0.1369847917125854,0.4053339210932334,0.21478950848578357,0.16145029755344942,0.07626184703548601,0.0051796341194621995,0.07405774741018294,0.3242230548820807,0.25391227683491296,0.31650870619351995,0.03129821467930351,2704.630788485607,2559.574468085106,20.757009694258016,0.23076923076923078,0.06918027268136677,1621363.6363636365,7790.0,0.38741976893453145,0.6125802310654686,0.40946123521682,0.31349693251533745,0.1294703485740154,0.3819222353139202,184422.4924012158,207725.57158651188,102127.61629434954,0.061222316865417375,155.0,67.0,50.0,112.0,204.0,40.0,110.0,97.0,44.0,189.0,263.0,566.0,781.0,491.0,1316.0,3665.0,0.027404015498414935,0.4448749559704121,0.5825290595280028,13806.0,0.7004925394755903,0.0720701144429958,0.18296392872664058,0.018325365782992903,0.026148051571780385,13537.0,0.22405259658713156,0.18645194651695354,0.03760065007017803,0.356430523749723,0.06818349708207136,0.06448991652507942,0.045578784073280636,0.24126468198271403,19025.0
Hayes Valley,20002.0,506.0,0.4441055894410559,9754.0,0.32109903629280295,0.6789009637071971,0.42864465860159934,0.11226163625179414,0.20268607750666393,1.998769735493131,2.7918263090676882,0.16943305669433056,0.10133986601339866,0.5856914308569143,0.0010998900109989002,0.0010998900109989002,0.14133586641335866,0.131986801319868,0.056694330566943306,0.03854614538546145,0.3676132386761324,0.4084091590840916,0.12873712628737127,0.13928313687755592,0.15275439018522974,0.4110536444551359,0.29690882848207845,0.20007999200079993,0.7767648929404283,0.075312698749205,0.06868772524909901,0.061479754080983676,0.01775492898028408,0.024750900996396014,0.006253974984100063,0.014362942548229807,0.0033919864320542717,0.000741997032011872,11191.0,1939.0,0.1933565716629075,0.8066434283370925,0.1284067554284693,0.313848295059151,0.0,0.3298538622129436,0.08072372999304106,0.2755741127348643,2011.4271457085829,2014.9095022624435,0.8041911576795298,0.0110912343470483,0.035332994407727504,0.07872397462246448,0.22812974711822,0.16557948351353766,0.1830935573228487,0.34322223215083547,0.0012510052720936468,0.20436064694844072,0.3268698060941828,0.31462782593155214,0.14761862210705032,0.006523098918774015,2313.041385948027,2240.3153153153153,23.380699999999997,0.3059227249618709,0.1367564819522115,1295570.6984667801,6961.0,0.319925298089355,0.680074701910645,0.348015198480152,0.43295058437564077,0.13944856839872746,0.5033045246568378,139424.20681551116,186972.47706422018,94201.97980201979,0.09199266503667482,370.0,368.0,199.0,241.0,76.0,221.0,252.0,223.0,148.0,319.0,444.0,896.0,629.0,851.0,1008.0,3509.0,0.03297451968933097,0.4519689330971522,0.5810055865921788,14194.0,0.7086092715231788,0.10426940960969423,0.13977737072002255,0.004579399746371706,0.0427645484007327,13747.0,0.2201934967629301,0.16810940568851385,0.052084091074416236,0.2864625009092893,0.08096311922601294,0.13413835745980943,0.0437913726631265,0.23445115297883173,20002.0
Inner Richmond,21767.0,177.0,0.5360407956999127,8950.0,0.4867039106145251,0.5132960893854749,0.3,0.2293854748603352,0.3293854748603352,2.412290502793296,3.1136363636363638,0.37221482059999084,0.017917030367069417,0.49340745164698857,0.002067349657738779,0.002986171727844903,0.11140717600036752,0.09156061928607526,0.05297009234161804,0.10203519088528507,0.3246198373684936,0.3230578398493132,0.19731703955529012,0.12047491560935863,0.16779187521825165,0.4263182400186241,0.2854149691537656,0.2875453668397115,0.6270980886775978,0.05006306393713011,0.2579800135830018,0.058115843601435915,0.006742990200834385,0.08188609682739885,0.002085960997380421,0.0672358591248666,0.007519161734743378,0.003735325506937033,9685.0,1939.0,0.3337430167597765,0.6662569832402234,0.07589055240061951,0.10204081632653061,0.0,0.1564625850340136,0.272108843537415,0.46938775510204084,2000.1591760299625,2012.61312849162,0.8583082271147161,0.010104287369640788,0.016937782995136676,0.21982447083118223,0.4601961796592669,0.16375838926174496,0.13185338151781104,0.024367578729994836,0.0,0.06484254001032524,0.24336602994321116,0.35157459989674755,0.30604026845637583,0.03417656169334022,2360.344827586207,2292.1225382932166,22.69931330472103,0.2733523394264632,0.14472580915646488,1638835.8778625955,9769.0,0.3818200429931416,0.6181799570068585,0.44879864014333626,0.23608938547486033,0.16069635085369938,0.2738554418916653,143506.4935064935,190754.039497307,82361.33137317958,0.06206609275201333,232.0,340.0,134.0,138.0,67.0,121.0,48.0,294.0,150.0,220.0,553.0,957.0,822.0,539.0,1071.0,3264.0,0.03668622322753941,0.517636247967767,0.5190499752597724,13628.0,0.6441884355738187,0.11689169357205753,0.17199882594658056,0.01651012621074259,0.050410918696800706,13465.0,0.4264389157073895,0.35937616041589304,0.06706275529149647,0.2618640920906053,0.04225770516152989,0.04656516895655403,0.028963980690679538,0.19391013739324173,21767.0
Inner Sunset,28070.0,961.0,0.5260420377627361,11973.0,0.4631253654054957,0.5368746345945044,0.36390211308778087,0.19017790027562015,0.34477574542721123,2.2641777332331077,3.0934174932371508,0.3364089775561097,0.023049519059494122,0.4997149982187389,0.0013893836836480229,0.0006768792304951906,0.13876024225151407,0.09600997506234414,0.05261845386533666,0.0779123619522622,0.3417883861774136,0.3163519771998575,0.21132882080513002,0.12885510939284772,0.12731745892276602,0.4204375713909147,0.32338986029347155,0.2823655147844674,0.643251983604708,0.06373857782123116,0.20573083142180273,0.08321738803444516,0.004061219117812959,0.04914827210168089,0.0007520776144098071,0.04403414432369421,0.004362050163576881,0.0,13034.0,1943.5466461063993,0.4141819092959158,0.5858180907040842,0.08140248580635262,0.09707822808671066,0.0,0.33364750235626767,0.25070688030160226,0.31856738925541944,2000.2988215488215,2015.0519801980197,0.8136710867685212,0.008035456904006918,0.035642999714856,0.39435323001381,0.3174773668866043,0.11308884456038054,0.09421512966088691,0.07549485959797453,0.0053705692803437165,0.0850851618843026,0.2574804357833359,0.3132576338806199,0.31855148074267303,0.02562528770906859,2572.873658133774,2511.3636363636365,23.232708333333335,0.3551468491588252,0.19147419446820643,1519473.293768546,14407.0,0.5631290344971195,0.43687096550288057,0.5132525828286427,0.214399064561931,0.08671103044968743,0.3046763615625891,142711.20293847568,172899.15966386555,80851.36088350552,0.0875582804067697,568.0,142.0,110.0,185.0,464.0,117.0,118.0,343.0,156.0,438.0,459.0,1167.0,948.0,1089.0,1617.0,4052.0,0.03715170278637771,0.5121545694301112,0.5249971333562665,16794.0,0.7319280695486483,0.10914612361557699,0.11402881981660117,0.010599023460759796,0.03429796355841372,16260.0,0.36697416974169744,0.30793357933579335,0.05904059040590406,0.27207872078720785,0.04206642066420664,0.09981549815498154,0.032103321033210334,0.18696186961869618,28070.0
Japantown,3666.0,46.0,0.5458265139116203,2309.0,0.24599393676916415,0.7540060632308359,0.6405370290168905,0.0692940666955392,0.5500216543958424,1.5677782589865743,2.5721830985915495,0.29541734860883795,0.0463720676486634,0.47490452809601746,0.0019094380796508457,0.0057283142389525366,0.1756683033278778,0.1314784506273868,0.033006001091107476,0.024549918166939442,0.26895799236224766,0.2572285870158211,0.41625750136388434,0.1876528117359413,0.1754278728606357,0.3713325183374083,0.2655867970660147,0.33006001091107473,0.6335684062059238,0.057545839210155145,0.25585331452750354,0.05303244005641749,0.0,0.18815232722143865,0.0,0.1763046544428773,0.011847672778561354,0.0,2459.0,1973.3088235294117,0.08271979211779991,0.9172802078822001,0.061000406669377796,0.64,0.0,0.0,0.24,0.12,2007.857142857143,2015.0215633423181,0.8079650845608293,0.014729950900163666,0.05051935788479698,0.061407076047173645,0.0923139487596584,0.01057340382269215,0.1268808458723058,0.70882472549817,0.0,0.32574217161447744,0.4087027246848312,0.15697437982919887,0.1024806832045547,0.0061000406669377795,1695.110701107011,1685.5263157894738,23.863389121338912,0.3980169971671388,0.24645892351274787,2000000.0104166667,1320.0,0.15303030303030302,0.8469696969696969,0.36006546644844517,0.5504547423126894,0.21465968586387435,0.5807365439093485,88671.875,175193.7984496124,76255.91925804692,0.14640198511166252,172.0,255.0,181.0,188.0,73.0,74.0,15.0,17.0,0.0,8.0,84.0,160.0,106.0,118.0,400.0,458.0,0.03453689167974882,0.47985347985347987,0.554683411826269,1845.0,0.7929539295392954,0.013550135501355014,0.1013550135501355,0.04173441734417344,0.05040650406504065,1810.0,0.32265193370165746,0.318232044198895,0.004419889502762431,0.21988950276243094,0.04696132596685083,0.06077348066298342,0.04696132596685083,0.3027624309392265,3666.0
Lakeshore,13579.0,2566.0,0.5222770454378084,4818.0,0.421129099211291,0.578870900788709,0.3845994188459942,0.13449564134495642,0.3677874636778746,2.2858032378580324,2.988664366683095,0.31467707489505853,0.0961779217910008,0.3510567788496944,0.003976728772369099,0.0016201487591133367,0.23249134693276383,0.22527432064216804,0.018999926356874586,0.05788349657559467,0.5125561528831284,0.22637896752338169,0.1841814566610207,0.19073884043099026,0.25756798358132377,0.35659312467932275,0.19510005130836328,0.3610722439060314,0.5159522558366489,0.14751144808948277,0.1873733203212972,0.13820283762480295,0.010960138127768186,0.07979881390286014,0.03355603933638616,0.029427220178665267,0.016815554387808723,0.0,5493.0,1956.853898096992,0.06102117061021171,0.9389788293897883,0.12288367012561442,0.5911111111111111,0.0,0.1362962962962963,0.044444444444444446,0.22814814814814816,2015.158273381295,2013.1002824858756,0.6399231678486997,0.01795212765957447,0.07493368700265252,0.1591115965774622,0.118332423083925,0.0456945202985618,0.0828326961587475,0.5927544147096304,0.0012743491716730383,0.11068632805388677,0.3362461314400146,0.3990533406153286,0.1500091024940834,0.004005097396686692,2191.9191919191917,2103.1088082901556,31.800936329588016,0.49248452696728556,0.3541114058355438,1227544.9101796406,5214.0,-255721.68431146911,0.9098580744150364,0.3839752559098608,0.23993358239933582,0.04421768707482993,0.2526525198938992,70996.62162162163,108002.33644859813,37481.84696958539,0.198421339139902,400.0,146.0,259.0,230.0,54.0,144.0,180.0,117.0,381.0,281.0,296.0,386.0,467.0,327.0,579.0,571.0,0.12925251557259224,0.5881648298993771,0.5410876856732152,7269.0,0.45508323015545465,0.18888430320539276,0.24845233182005777,0.016646031090934103,0.09093410372816069,7081.0,0.49371557689591866,0.3883632255331168,0.10535235136280187,0.2790566304194323,0.006778703572941675,0.08995904533258015,0.025985030362943088,0.10450501341618415,13579.0
Lincoln Park,171.0,171.0,0.0,0.0,0.0,0.0,0.0,0.0,0.0,0.0,0.0,0.23391812865497075,0.29239766081871343,0.38596491228070173,0.0,0.0,0.08771929824561403,0.07017543859649122,0.0,0.0,0.0,0.14035087719298245,0.8596491228070176,0.4444444444444444,0.1286549707602339,0.17543859649122806,0.25146198830409355,0.2631578947368421,0.7017543859649122,0.07017543859649122,0.22807017543859648,0.0,0.0,0.0,0.0,0.0,0.0,0.0,0.0,0.0,0.0,0.0,0.0,0.0,0.0,0.0,0.0,0.0,0.0,0.0,0.8421052631578947,0.0,0.0,0.0,0.0,0.0,0.0,0.0,0.0,0.0,0.0,0.0,0.0,0.0,0.0,0.0,0.0,0.0,0.0,0.0,-666666666.0,1.0,1.0,-3898635.4736842103,0.0,0.0,0.0,0.0,0.0,-3898635.4736842103,0.0,0.0,0.0,0.0,0.0,0.0,0.0,0.0,0.0,0.0,0.0,0.0,0.0,0.0,0.0,0.0,0.0,0.0,0.0,0.0,0.0,0.0,0.0,0.0,0.0,0.0,0.0,0.0,0.0,0.0,0.0,0.0,0.0,0.0,0.0,171.0
Lone Mountain/USF,16964.0,2673.0,0.5334237208205612,6178.0,0.41663968921981226,0.5833603107801878,0.3381353188734218,0.15199093557785692,0.31563612819682746,2.3132081579799286,2.9285159285159286,0.21875736854515446,0.050931384107521814,0.556767271869842,0.012732846026880454,0.0,0.16081112945060128,0.1304527234142891,0.040497524168828104,0.06466635227540675,0.46380570620136763,0.2718108936571563,0.1592195236972412,0.12423275227105328,0.13528111956788608,0.46108519518782226,0.2794009329732384,0.23449658099504833,0.6808379922590158,0.07003747619340173,0.13411562327210175,0.10235301345456779,0.012655894820912944,0.060514836886404126,0.012225840142532408,0.03489586533144928,0.01241014929040978,0.000982982122012656,6812.0,1939.0,0.33505988993201685,0.6649401100679831,0.09307105108631826,0.3249211356466877,0.0,0.09305993690851735,0.14353312302839116,0.41798107255520506,2008.4957627118645,2014.1489361702127,0.7114129790010677,0.02586309170720133,0.048198636806231744,0.115237815619495,0.4768056371109806,0.16764533176746918,0.1396065766294774,0.1007046388725778,0.0,0.08426306517909571,0.31679389312977096,0.3417498532002349,0.24427480916030533,0.012918379330593071,2145.6473214285716,2054.0048543689322,21.992266462480856,0.29795520934761444,0.16723466407010712,1332072.6172465961,6293.0,0.46019386620054026,0.5398061337994597,0.3709620372553643,0.24749109744253803,0.07004830917874397,0.33690360272638753,146734.23423423423,182019.70443349754,66267.0183918887,0.09630741928878575,230.0,294.0,108.0,232.0,123.0,25.0,130.0,35.0,32.0,173.0,319.0,499.0,503.0,444.0,999.0,2032.0,0.040624108077252405,0.5219294072876035,0.518694700789649,10084.0,0.6563863546211821,0.12782625942086473,0.1849464498214994,0.004958349861166204,0.025882586275287583,9931.0,0.2953378310341355,0.25475782902023963,0.04058000201389588,0.2808377806867385,0.059812707683012785,0.10864968281139865,0.05125365018628537,0.20410834759842916,16964.0
Marina,24993.0,90.0,0.5434321610050814,12559.0,0.35010749263476393,0.6498925073652361,0.4298112907078589,0.15064893701727844,0.21689624970140936,1.9828808026116729,2.799636115533318,0.0941463609810747,0.003681030688592806,0.7784579682311047,0.0023606609850758214,0.004281198735645981,0.11707278037850598,0.09262593526187332,0.06781898931700876,0.06545832833193294,0.4207178009842756,0.2955627575721202,0.1504421237946625,0.04969219404087663,0.08323073134695888,0.5533119921201675,0.313765082491997,0.1580042411875325,0.8308867713966864,0.04996137007468452,0.049102927289896126,0.06545626234011503,0.004592668898617907,0.01540904798695167,0.00030045497467593785,0.00836981715168684,0.006738775860588892,0.0,14431.0,1939.0,0.2608487936937654,0.7391512063062345,0.129720740073453,0.07478632478632478,0.03258547008547009,0.16452991452991453,0.30288461538461536,0.4252136752136752,2007.7777777777778,2015.390608034745,0.7404670050761422,0.01835532994923858,0.01723580738985242,0.12687963412098954,0.3177880950731065,0.13775899106091055,0.2833483473078789,0.13304691289584922,0.0011780195412653316,0.12701822465525606,0.361444113367057,0.29256461783660176,0.1948582911787125,0.02411475296237267,2851.46373918829,2781.377106333527,20.203136933987995,0.2455025315092104,0.09264246472045674,2000000.2195652174,12655.0,0.36823389964440933,0.6317661003555907,0.5063417756971952,0.24564057647901902,0.07967032967032966,0.3042120004308952,192174.79674796748,210699.39113335716,131760.46493018046,0.046168051708217916,269.0,215.0,101.0,152.0,73.0,125.0,159.0,247.0,72.0,281.0,366.0,685.0,818.0,1264.0,1722.0,6010.0,0.026964560862865947,0.5375302663438256,0.4894342945190403,17667.0,0.7154581989019075,0.0271692986924775,0.2416935529518311,0.007018735495556688,0.008660213958227204,17307.0,0.3281909054139943,0.2687351938521985,0.059455711561795806,0.26220604379730744,0.028947824579649853,0.07476743514185012,0.07702085861212227,0.22886693245507597,24993.0
McLaren Park,104.0,0.0,1.0,99.0,0.050505050505050504,0.9494949494949495,0.9494949494949495,0.0,1.0,1.0505050505050506,2.0,1.0,0.0,0.0,0.0,0.0,0.0,0.0,0.0,0.0,0.0,0.0,1.0,1.0,0.0,0.0,0.0,1.0,0.0,0.0,1.0,0.0,0.0,1.0,0.0,1.0,0.0,0.0,99.0,2003.4868421052631,0.0,1.0,0.0,0.0,0.0,0.0,0.0,0.0,0.0,2005.3389830508474,1.0,0.0,0.050505050505050504,0.0,0.0,0.0,0.04040404040404041,0.9595959595959596,0.0,0.050505050505050504,0.9090909090909091,0.0,0.04040404040404041,0.0,276.05263157894734,273.54651162790697,31.57016129032258,0.6666666666666666,0.04040404040404041,0.0,0.0,0.0,0.0,0.0,0.9494949494949495,0.0,0.9494949494949495,12632.978723404256,32500.0,11711.538461538461,0.9038461538461539,0.0,94.0,0.0,0.0,0.0,5.0,0.0,0.0,0.0,0.0,0.0,0.0,0.0,0.0,0.0,0.0,0.0,0.0,0.0,0.0,0.0,0.0,0.0,0.0,0.0,0.0,0.0,0.0,0.0,0.0,0.0,0.0,0.0,0.0,104.0
Mission,57018.0,1640.0,0.45312006734715354,22899.0,0.40202628935761386,0.5979737106423861,0.3535525568802131,0.17681994846936547,0.2573038123935543,2.41835888030045,3.4629589398218554,0.15172401697709495,0.045494405275527026,0.4881090182047774,0.022799817601459188,0.0025781332210880773,0.2892946087200533,0.3441018625697148,0.03912799466835035,0.08525377950822548,0.33077273843347715,0.39431407625662074,0.15053141113332633,0.2440723145381457,0.15086308820052022,0.37560996582041745,0.2294546314409166,0.3019923532919429,0.5899027141475167,0.2739518498913976,0.08228229324474784,0.04515669775676712,0.008706444959570701,0.07191487031595087,0.05225692226258054,0.017120849836640077,0.00222680562907259,0.0,26164.0,1939.0,0.2608847547927857,0.7391152452072143,0.12478978749426693,0.31454823889739664,0.02358346094946401,0.32863705972434915,0.10290964777947932,0.23032159264931087,2008.4719260838665,2013.3196493181185,0.8376646367370061,0.012622149837133551,0.11657311669128508,0.1517352086836875,0.3180324109463385,0.17011924782143403,0.10101666411863629,0.25256077052438464,0.006535697905519034,0.17149518422259594,0.26528818223513223,0.3177648677572237,0.22775569484788258,0.017696070937165572,2096.004151530877,1991.9623059866963,21.98922627080522,0.32023633677991137,0.14038404726735598,1246978.8519637461,18875.0,0.37398675496688744,0.6260132450331126,0.3310358132519555,0.3821127560155465,0.17073987278205557,0.4567208271787297,130710.43165467626,127541.72989377845,72368.05044021187,0.12787488500459981,833.0,1006.0,461.0,747.0,678.0,472.0,348.0,240.0,684.0,803.0,1359.0,1799.0,1702.0,1390.0,2801.0,7576.0,0.05909056518120602,0.4550957100703639,0.603994855110842,37303.0,0.6194139881510871,0.1461276572929791,0.14628850226523335,0.03375063667801517,0.054419215612685305,36781.0,0.24651314537397026,0.19811859383921046,0.04839455153475979,0.34330224844348983,0.07933443897664555,0.10693020853157881,0.0352355835893532,0.18868437508496236,57018.0
Mission Bay,14896.0,370.0,0.5134264232008593,6654.0,0.5419296663660956,0.4580703336339044,0.3258190562067929,0.21791403666967238,0.15749924857228734,2.183047790802525,2.8358291735995564,0.39863050483351237,0.036721267454350164,0.44810687432867885,0.0,0.009197099892588614,0.10734425349087003,0.12298603651987111,0.06558807733619763,0.09002416756176154,0.39084317937701396,0.3589554242749731,0.0945891514500537,0.1711299239806496,0.12102626123013131,0.2950932964754665,0.4127505183137526,0.4182330827067669,0.48379912350025145,0.10252173288310942,0.26596738271427545,0.08987714634672031,0.057834614555643364,0.13140311804008908,0.018607658596163517,0.10165960198290107,0.011135857461024499,0.0,7343.0,2007.3196276183087,0.31409678388938983,0.6859032161106101,0.09383085932180307,0.35413642960812775,0.09288824383164006,0.09869375907111756,0.09579100145137881,0.3584905660377358,2014.4730679156908,2015.6612672701285,0.7299250170415814,0.04839809134287662,0.07559158632778265,0.01566117390712243,0.009124336102410459,0.0,0.0012256570883834945,0.9739888329020836,0.0,0.10064006536837805,0.36892278360343184,0.43034182214353806,0.10009532888465204,0.0,2900.9287925696594,2882.7838827838827,25.239668874172185,0.3781770376862401,0.13869412795793165,1217770.0348432055,5167.0,0.3708147861428295,0.6291852138571705,0.3468716433941998,0.345356176735798,0.19090909090909092,0.4160823838737949,164115.6462585034,187344.91315136477,90922.47583243824,0.0785488090320804,233.0,466.0,151.0,79.0,57.0,78.0,244.0,0.0,0.0,64.0,229.0,546.0,472.0,459.0,882.0,2694.0,0.01898671913428431,0.4558780127889818,0.5631087063453025,9972.0,0.773967107902126,0.06257521058965103,0.11803048535900522,0.00681909346169274,0.03860810268752507,9698.0,0.2472674778304805,0.2242730459888637,0.022994431841616828,0.25242318003712105,0.02072592287069499,0.21458032584037945,0.03804908228500722,0.22695401113631677,14896.0
Nob Hill,25622.0,910.0,0.46151744594489114,14716.0,0.270725740690405,0.729274259309595,0.529016036966567,0.05252786083174776,0.2920630606142974,1.679260668659962,2.5519578313253013,0.3233549293575833,0.04207321832799937,0.5224026227460776,0.0024588244477402234,0.0011318398251502614,0.10857856529544922,0.09632347201623605,0.02314417297634845,0.024197954882522833,0.3975880103036453,0.3291702443212864,0.22589961751619703,0.18608326560101146,0.16314458592973902,0.4002528673349589,0.2505192811342906,0.31039731480758725,0.66015422110352,0.04131207798953214,0.21918574453633785,0.06520436293899078,0.014143593431619321,0.10699588477366255,0.003515921531024012,0.0963282592193056,0.004994206720204563,0.002157497303128371,17897.0,1939.0,0.13699374830116878,0.8630062516988312,0.1777392859138403,0.33700094309965417,0.009116629990569003,0.13549198365293932,0.20559572461490097,0.3127947186419365,2010.272373540856,2014.690082644628,0.7718742669481585,0.021463757916959886,0.0841732283464567,0.036207185561826005,0.10113426831312511,0.11471196289880986,0.19640163155836174,0.5515449516678773,0.0,0.3249706654746606,0.3928032631167235,0.20338604235346705,0.07258199698273454,0.0062580320724143716,1923.5622672734794,1872.6832350463353,26.109234731420162,0.3905511811023622,0.17566929133858267,1197336.5617433414,5806.0,0.24767481915260076,0.7523251808473992,0.22660213878697993,0.5975129111171514,0.3149801587301587,0.6423622047244094,100017.85714285714,128793.77431906614,80664.52267582546,0.11071702067631292,855.0,595.0,256.0,473.0,485.0,235.0,420.0,457.0,286.0,826.0,1225.0,1244.0,1400.0,1156.0,1636.0,3167.0,0.06150329287541501,0.47678658901649157,0.5847167038589234,17243.0,0.6700690135127298,0.1032302963521429,0.17554949834715536,0.018616250072493186,0.032534941715478743,17015.0,0.17255362915074934,0.14187481633852483,0.030678812812224506,0.23191301792535998,0.02826917425800764,0.36062297972377316,0.05706729356450191,0.14957390537760798,25622.0
Noe Valley,23121.0,97.0,0.47013537476752737,10778.0,0.4690109482278716,0.5309890517721284,0.34366301725737614,0.19205789571349044,0.2879012803859714,2.1362033772499536,2.887636003956479,0.16781281086458197,0.020544094113576404,0.6596600493058259,0.002595043466978072,0.0,0.14938800224903767,0.1109813589377622,0.05254963020630596,0.09601660827818866,0.23485143376151552,0.4315124778340037,0.18506984991998615,0.07678119730185498,0.12995362563237775,0.37552698145025293,0.41773819561551434,0.23147787725444402,0.7605222313521409,0.0818040719437597,0.06879393773395417,0.08426915000456496,0.0046106089655802065,0.009723363462065187,0.005341002465078061,0.003971514653519584,0.0004108463434675431,0.0,11740.0,1939.0,0.48608276118018184,0.5139172388198181,0.08194207836456559,0.21933471933471935,0.0,0.41372141372141374,0.22661122661122662,0.14033264033264034,2007.6854020296644,2015.1632064590542,0.84842132844229,0.007118214769203895,0.022206174399711138,0.3844974446337308,0.3522998296422487,0.12793867120954003,0.04224872231686542,0.0903747870528109,0.0026405451448040886,0.046848381601362864,0.2593696763202726,0.31848381601362863,0.3460817717206133,0.029216354344122657,2689.604377104377,2605.744680851064,21.59681328545781,0.27568153096226755,0.12312691821628453,1843122.4899598393,13126.0,0.5873838183757428,0.4126161816242572,0.5677090091259028,0.14381146780478754,0.05936247375453331,0.22368658602635855,194154.05777166437,208484.24211563732,120127.17875524415,0.039894422569339276,258.0,98.0,116.0,163.0,122.0,42.0,77.0,157.0,76.0,404.0,384.0,739.0,664.0,805.0,1454.0,5219.0,0.029072745901639344,0.45530225409836067,0.5737704918032787,15162.0,0.7971903442817571,0.0518401266323704,0.11449676823638043,0.015367365782878247,0.021105395066613904,14620.0,0.3285909712722298,0.29897400820793435,0.029616963064295485,0.29165526675786596,0.041450068399452804,0.04021887824897401,0.04274965800273598,0.25533515731874146,23121.0
North Beach,11672.0,16.0,0.4727553118574366,6198.0,0.39577282994514357,0.6042271700548564,0.4899967731526299,0.1334301387544369,0.39367537915456596,1.8806066473055825,2.826742763962495,0.3881082933516107,0.04377998629198081,0.43248800548320765,0.005140507196710075,0.005311857436600411,0.12517135023989034,0.10366689513365318,0.038468128855380396,0.0841329677861549,0.29720699108978754,0.3244516792323509,0.25574023303632626,0.19257762654189706,0.17949808592088473,0.36091025095703955,0.26701403658017864,0.341329677861549,0.6019780807270784,0.044640470462443196,0.28049541120912413,0.06584692150049007,0.007039116100864297,0.14764323264724227,0.0033859039472511807,0.12946627461463067,0.012296177492649024,0.0008910273545397843,7490.0,1948.6144578313254,0.19764440141981285,0.8023555985801871,0.17249666221628837,0.24613003095975233,0.0,0.03560371517027864,0.2306501547987616,0.48761609907120745,2007.46,2012.9573863636363,0.8678387650085764,0.029845626072041165,0.0943092700583149,0.07049399198931909,0.3177570093457944,0.18237650200267022,0.062082777036048066,0.36261682242990656,0.004672897196261682,0.20774365821094792,0.3485981308411215,0.29212283044058746,0.14138851802403204,0.010146862483311082,1908.2236842105262,1826.9656699889258,25.91378048780488,0.40317715664588777,0.18922179770762115,1547413.7931034483,4287.0,0.38185211103335664,0.6181478889666433,0.3672892392049349,0.4774120684091642,0.10285714285714286,0.5696762517595013,89263.48547717842,104055.55555555556,84287.89410555175,0.11608978752570254,347.0,542.0,388.0,211.0,376.0,162.0,290.0,91.0,16.0,218.0,183.0,482.0,558.0,359.0,352.0,1623.0,0.06877776185699958,0.45035105315947843,0.6184267086975211,6499.0,0.637944299122942,0.11971072472688106,0.1967995076165564,0.010155408524388367,0.03539006000923219,6259.0,0.2001917239175587,0.18054002236779038,0.019651701549768332,0.2450870746125579,0.034350535229269855,0.3126697555520051,0.023006870107045854,0.18469404058156255,11672.0
Oceanview/Merced/Ingleside,26296.0,286.0,0.49262245208396716,7959.0,0.6264606106294761,0.37353938937052394,0.24475436612639778,0.26561125769569044,0.5162708883025505,3.2679984922728984,4.1323706377858,0.5603133556434439,0.08913903255247946,0.15158198965622147,0.0041451171280803166,0.0014831153027076362,0.19333738971706724,0.18371615454822027,0.033236994219653176,0.12062671128688773,0.2505324003650745,0.3292515972010952,0.26635229692728934,0.3681858802502234,0.24540760599741834,0.2637275345050144,0.12267897924734386,0.48250684514755093,0.3652348359688459,0.14609393438753834,0.46050664778538275,0.01876327590276139,0.009401305955471638,0.155849264416647,0.02769254976005035,0.12658327432932107,0.000786720163637794,0.0,8374.0,1946.4,0.6987058675713029,0.30129413242869707,0.04955815619775496,0.25060240963855424,0.01927710843373494,0.05060240963855422,0.03614457831325301,0.6433734939759036,2000.6301089918256,2013.8511029411766,0.9276087205528617,0.005650796074987591,0.10508757297748124,0.8008120372581801,0.11786481967996179,0.012061141628851206,0.002866013852400287,0.06556006687365655,0.0008359207069500836,0.03737759732505374,0.0939813709099594,0.3636255075232864,0.45605445426319563,0.0489610699785049,2555.309734513274,2317.180616740088,29.463815789473685,0.4341117597998332,0.19974979149291075,971194.7844598191,12909.0,0.7641180571694167,0.2358819428305833,0.4909111651962276,0.14825983163714035,0.09908289875921597,0.26230191826522103,108126.77053824363,114089.3470790378,40776.684666869485,0.09583955295288399,333.0,144.0,114.0,168.0,252.0,184.0,186.0,177.0,335.0,298.0,554.0,1005.0,706.0,678.0,1217.0,1608.0,0.04351491569390402,0.4964332036316472,0.5470817120622569,14740.0,0.41478968792401627,0.2455223880597015,0.20522388059701493,0.032632293080054275,0.10183175033921303,14474.0,0.5460135415227304,0.4473538759154346,0.09865966560729585,0.2815393118695592,0.007945281193864862,0.012850628713555341,0.02611579383722537,0.1255354428630648,26296.0
Outer Mission,24101.0,185.0,0.48902535164516,6576.0,0.7372262773722628,0.26277372262773724,0.13838199513381996,0.3082420924574209,0.5177919708029197,3.636861313868613,4.156765676567657,0.5497697190987926,0.02630596240819883,0.1919007510061823,0.0042736815899755195,0.007468569768889257,0.2202813161279615,0.27351562175843325,0.02950085058711257,0.12040994149620347,0.213684079498776,0.386083564997303,0.25032156342060496,0.4072135266712035,0.24011935298120715,0.2415327435481338,0.11113437679945558,0.5498941952616074,0.2768277041470714,0.24792646430098333,0.4533561351004703,0.01646002565198803,0.00542967079948696,0.14330910645575032,0.030354852501068834,0.10974775545104745,0.0005985463873450193,0.0005985463873450193,6824.0,1939.0,0.6865875912408759,0.3134124087591241,0.03634232121922626,0.03225806451612903,0.0,0.2540322580645161,0.03225806451612903,0.6814516129032258,2002.411083540116,2011.4590592334496,0.9088777219430486,0.024958123953098828,0.16642406598738477,0.8352872215709262,0.10126025791324736,0.0123094958968347,0.019196951934349355,0.031213364595545134,0.0007327080890973036,0.03238569753810082,0.060228604923798355,0.3801289566236811,0.451348182883939,0.07590855803048066,1932.8817733990147,1771.2527964205817,26.475,0.42358078602620086,0.21542940320232898,1057125.3071253072,11100.0,0.7792792792792793,0.22072072072072071,0.4605618024148376,0.1339720194647202,0.06755260243632337,0.2794759825327511,119965.03496503497,125132.97872340426,43664.59068088461,0.09136184816271867,64.0,114.0,92.0,164.0,96.0,168.0,106.0,156.0,243.0,298.0,379.0,837.0,715.0,681.0,628.0,1835.0,0.05889587318939601,0.4885897786280404,0.5703060945613556,13774.0,0.3920429795266444,0.2672426310439959,0.1905764483810077,0.03622767533033251,0.11391026571801946,13467.0,0.4752357614910522,0.3976386723100913,0.07759708918096087,0.3382342021237098,0.009207692878889137,0.010470037870349743,0.04254845177099577,0.12430385386500334,24101.0
Outer Richmond,45236.0,176.0,0.5275444336369264,19075.0,0.5208387942332896,0.47916120576671034,0.34993446920052423,0.22951507208387942,0.42825688073394497,2.3622542595019658,3.146250629089079,0.423114333716509,0.016137589530462463,0.44148465823680255,0.0015032275179060926,0.00013263772216818464,0.11762755327615174,0.06822000176850296,0.05511097356088072,0.09943407905208242,0.24146697320718014,0.34364223185073833,0.2603457423291184,0.1696133226873503,0.20534390327363977,0.3875327934299076,0.2375099806091023,0.33119639225395703,0.5842126196102285,0.031420349530917345,0.28921694780431884,0.08113609245958403,0.01401399059495122,0.10118615913716866,0.0020354210046089416,0.06803453197014715,0.024635612848887538,0.0057787240015909035,20858.0,1939.0,0.41960681520314547,0.5803931847968545,0.08548278837855978,0.1850813236118901,0.062254627033090294,0.12787436904094224,0.12058328659562535,0.504206393718452,1998.3423099940155,2012.24645957058,0.8594363102311711,0.0041929191237471694,0.0545569505916358,0.32759612618659506,0.40766132898648,0.12364560360533129,0.08183910250263687,0.059257838718956755,0.0,0.06573017547224087,0.22485377313261098,0.35128008438009395,0.315418544443379,0.042717422571675136,2001.6840171463564,1899.7315159025197,24.923849525200875,0.337367898112185,0.15545117875530665,1442951.6329061596,22810.0,0.5192459447610697,0.4807540552389303,0.5042444071093819,0.20414154652686764,0.13468265867066467,0.2543582332219312,118345.77114427861,151990.8386187456,68012.540896631,0.09502632859861056,681.0,779.0,410.0,396.0,524.0,488.0,288.0,464.0,268.0,881.0,1071.0,1960.0,1809.0,1536.0,2500.0,5020.0,0.05499868603821752,0.5229192476630251,0.5320794383751924,25167.0,0.5967338180951246,0.13434259148885444,0.1819843445782175,0.02519171931497596,0.061747526522827514,24859.0,0.44004183595478497,0.3575365058932379,0.08250533006154713,0.2849269882135243,0.023854539603362968,0.03210104992155759,0.029486302747495877,0.18958928355927432,45236.0
Pacific Heights,23895.0,481.0,0.4975099393178489,12850.0,0.31828793774319064,0.6817120622568094,0.5236575875486381,0.12342412451361867,0.28848249027237355,1.822101167315175,2.861124694376528,0.1808328102113413,0.04816907302783009,0.6796400920694706,0.0024272860431052523,0.0,0.08893073864825277,0.08876333961079724,0.043565599497802886,0.0734881774429797,0.34379577317430426,0.3305293994559531,0.20862105042896004,0.0650301890527566,0.12110264277937247,0.4400673067405721,0.3737998614272988,0.21288972588407618,0.7787258248009101,0.047694057932965786,0.09368163122429334,0.07692307692307693,0.002975409118753829,0.021002887897085848,0.002581604970683469,0.01461450949505557,0.00280038505294478,0.0,15231.0,1939.0,0.310272373540856,0.689727626459144,0.15632591425382444,0.2259554808903822,0.0,0.1616967660646787,0.3385132297354053,0.2738345233095338,2008.3439201451906,2015.1144157814872,0.792667990032521,0.007813489884698231,0.042874873067809995,0.14982601273718074,0.14805331232355065,0.15435624712756876,0.20116866916157836,0.3460048585122448,0.0005909001378766989,0.1758256188037555,0.36497931849517434,0.22992580920491104,0.1863961657146609,0.04287308778149826,2651.6129032258063,2561.0419906687403,20.02232968881413,0.29121065102109894,0.1469028545639174,1728785.9007832897,11975.0,0.42505219206680583,0.5749478079331941,0.5011508683825068,0.2876264591439689,0.12816654125909205,0.3593591334762496,175997.425997426,208985.51784997995,130834.6976354886,0.05895633652822151,441.0,419.0,150.0,269.0,271.0,175.0,100.0,178.0,162.0,323.0,450.0,753.0,1276.0,650.0,1554.0,5679.0,0.03718091009988901,0.5109754593661364,0.5262054507337526,15542.0,0.7482306009522584,0.039505855102303436,0.1728863724102432,0.018144382962295716,0.02123278857289924,15469.0,0.31469390393690605,0.25728877109056825,0.05740513284633784,0.24384252375719181,0.016678518326976532,0.12075764432089986,0.08242291033680264,0.2216044993212231,23895.0
Portola,15965.0,174.0,0.4873160037582211,4870.0,0.7262833675564682,0.27371663244353184,0.1868583162217659,0.2720739219712526,0.4731006160164271,3.242505133470226,3.878710771840543,0.585029752583777,0.029627309740056375,0.18127153147510178,0.002254932665205136,0.00043845912934544314,0.20137801440651426,0.2241778891324773,0.03382398997807704,0.13761352959599124,0.19862198559348576,0.38791105543376136,0.24202943939868463,0.42532729917569095,0.28600290932600614,0.19589461774688863,0.09277517375141425,0.49846539304729093,0.3489141004862237,0.13419773095623988,0.49711507293354945,0.01815235008103728,0.0016207455429497568,0.1413290113452188,0.01205834683954619,0.12447325769854133,0.0008427876823338735,0.0,5079.0,1953.5903983656792,0.6474332648870637,0.35256673511293635,0.041149832644221306,0.3062200956937799,0.07655502392344497,0.0,0.0,0.6172248803827751,2000.2800953516091,2012.2645211930926,0.9679949399114485,0.004301075268817204,0.10425160163075131,0.8127584170112226,0.1141957078164993,0.016538688718251624,0.01831069108092144,0.03819649537310494,0.0,0.049419177003347116,0.08919078558771412,0.38038984051978736,0.43236857649143534,0.04863162039771608,2010.9126984126983,1845.0095969289828,35.8083850931677,0.569015725101922,0.25742574257425743,1037249.8146775389,8037.0,0.7683215130023641,0.23167848699763594,0.5034137175070467,0.1513347022587269,0.09673326990168093,0.2516016307513104,114088.6287625418,120263.9751552795,45253.69245223927,0.0911836888804984,146.0,162.0,211.0,137.0,37.0,143.0,100.0,147.0,78.0,204.0,236.0,497.0,598.0,458.0,587.0,1129.0,0.04989372413021591,0.48607226759145317,0.5638214565387627,8493.0,0.3652419639703285,0.2049923466384081,0.1983986812669257,0.08995643471093842,0.14141057341339927,8267.0,0.6288859320188702,0.5149389137534777,0.11394701826539252,0.2617636385629612,0.007499697592838999,0.019716946897302527,0.015241320914479255,0.06689246401354784,15965.0
Potrero Hill,15089.0,5.0,0.47425276691629664,7287.0,0.4329628104844243,0.5670371895155757,0.35364347468093865,0.18649650061753809,0.20804171812817346,2.0699876492383695,2.7362916006339146,0.22473324938697065,0.04228245741931208,0.5562992908741468,0.0,0.0,0.17668500231957054,0.11246603485983167,0.05825435747895818,0.08350453973092982,0.3554244814102989,0.36417257604877723,0.13864404533103586,0.08213914018093027,0.12304859498839164,0.43559362741173646,0.3592186374189416,0.21412949831002717,0.7421534130893737,0.07065446868402533,0.10450387051372273,0.07839549612948628,0.004292751583391977,0.02104152005629838,0.003940886699507389,0.014989444053483462,0.00211118930330753,0.0,8043.0,1972.8670360110802,0.445450802799506,0.554549197200494,0.09399477806788512,0.3148148148148148,0.03571428571428571,0.14682539682539683,0.18783068783068782,0.3148148148148148,2009.1908975979773,2015.720467032967,0.8213778649178555,0.012169562571834224,0.08240534521158129,0.23846823324630112,0.26420489866965063,0.05234365286584608,0.08951883625512869,0.3554643789630735,0.0,0.15069004102946662,0.2288946910356832,0.3777197563098346,0.23038667163993534,0.012308839985080195,3237.3076923076924,3169.817073170732,21.064482200647248,0.2826033160108884,0.1432813659985152,1285308.056872038,8555.0,0.5428404441846874,0.4571595558153127,0.5669693153953211,0.1752435844654865,0.04621072088724584,0.2788913635238802,198703.25693606754,207342.10005408328,121655.39134468818,0.06319209601485312,118.0,122.0,155.0,118.0,175.0,90.0,133.0,122.0,75.0,193.0,213.0,462.0,383.0,477.0,829.0,3622.0,0.03764904703783682,0.45986292366913906,0.5777861233686977,10250.0,0.7974634146341464,0.06546341463414634,0.09648780487804878,0.018341463414634145,0.02224390243902439,9993.0,0.3060142099469629,0.25888121685179627,0.047132993095166616,0.1778244771339938,0.0687481236865806,0.11167817472230561,0.07605323726608626,0.2596817772440709,15089.0
Presidio,4231.0,0.0,0.5447884660836682,1351.0,0.5854922279792746,0.41450777202072536,0.11324944485566248,0.40932642487046633,0.11324944485566248,3.131754256106588,3.463969658659924,0.0768139919640747,0.017726305837863388,0.6197116520917041,0.0068541715906405105,0.0,0.27889387851571734,0.2013708343181281,0.11510281257385961,0.13850153627983927,0.3505081541006854,0.35428976601276296,0.041597731032852754,0.08769497400346621,0.05684575389948007,0.48596187175043326,0.36949740034662043,0.16450011817537225,0.8058226495726496,0.08173076923076923,0.038995726495726496,0.07077991452991453,0.002670940170940171,0.019764957264957264,0.0,0.007745726495726496,0.01201923076923077,0.0,1379.0,1946.0915492957747,0.008142116950407105,0.9918578830495929,0.02030456852791878,0.0,0.0,0.0,0.0,1.0,2005.0,2015.60663507109,0.6787654320987654,0.006419753086419753,0.014179104477611941,0.25090645395213923,0.5286439448875997,0.04713560551124003,0.0,0.1602610587382161,0.01305293691080493,0.022480058013052938,0.07686729514140682,0.20232052211747642,0.659173313995649,0.03915881073241479,3500.516853932584,3500.3011583011585,23.577298850574714,0.3119402985074627,0.18955223880597014,2000001.0,0.0,0.0,0.0,0.0,0.04219096965210955,0.0,0.04253731343283582,206363.30361757107,210764.31944444444,75165.25644055779,0.033325454975183175,0.0,10.0,0.0,0.0,21.0,0.0,0.0,0.0,46.0,72.0,74.0,86.0,62.0,78.0,128.0,774.0,0.027119938884644767,0.5813598166539343,0.4457601222307105,2547.0,0.6274047899489595,0.10757754220651747,0.2061248527679623,0.027483313702394974,0.031409501374165684,2463.0,0.4185952090946001,0.33617539585870887,0.08241981323589119,0.1993503857084856,0.03857084855866829,0.09460008120178644,0.0637434023548518,0.1851400730816078,4231.0
Presidio Heights,10475.0,98.0,0.5189498806682578,5051.0,0.49514947535141557,0.5048505246485845,0.38685408829934664,0.20075232627202533,0.34409027915264306,2.0544446644228866,2.6873250699720113,0.19990453460620525,0.003532219570405728,0.6755131264916467,0.0,0.0006682577565632459,0.120381861575179,0.09460620525059665,0.04897374701670645,0.10863961813842482,0.2565155131264916,0.34797136038186155,0.23789976133651553,0.07017969888295289,0.10830500242836329,0.47826614861583294,0.3432491500728509,0.20782816229116946,0.7759486046978519,0.06484641638225255,0.08462156193535435,0.0727765508933949,0.0018068660911463562,0.037241517767516566,0.0,0.02589841397309777,0.011343103794418791,0.0,5552.0,1939.0,0.3842803405266284,0.6157196594733716,0.09023775216138329,0.0,0.03992015968063872,0.4590818363273453,0.05788423153692615,0.4431137724550898,2007.5584795321638,2014.6666666666667,0.7948569218870843,0.013727764887857695,0.04340836012861737,0.2802593659942363,0.27953890489913547,0.12896253602305474,0.15922190201729106,0.15201729106628242,0.0,0.07835014409221902,0.27953890489913547,0.2512608069164265,0.32222622478386165,0.06862391930835735,2533.9506172839506,2438.133874239351,23.066831683168317,0.28713826366559486,0.14180064308681672,2000000.3367609254,6039.0,0.5149859248219903,0.4850140751780096,0.5765155131264916,0.2134230845377153,0.0994332818134982,0.2845659163987138,150613.8392857143,206670.39847539848,119636.91646778044,0.06024327171726846,173.0,193.0,97.0,164.0,8.0,85.0,109.0,61.0,245.0,171.0,145.0,359.0,273.0,437.0,448.0,2083.0,0.062180974477958235,0.525908739365816,0.5362722351121423,6063.0,0.7549068118093353,0.043212930892297545,0.16130628401781297,0.01896750783440541,0.021606465446148772,5989.0,0.3832025379863082,0.2638169978293538,0.11938554015695442,0.2868592419435632,0.01452663215895809,0.053598263483052265,0.02821840040073468,0.23359492402738355,10475.0
Russian Hill,17614.0,5.0,0.5219143862836381,9407.0,0.3609014563622834,0.6390985436377166,0.42510896141171467,0.07101094929307962,0.34655044116083766,1.8719039013500585,2.56759941089838,0.23946860451913252,0.017656409674122856,0.6731009424321562,0.005166344952878392,0.0009651413648234359,0.06364255705688657,0.06409674122856819,0.020324741682752355,0.02390144203474509,0.401952991938231,0.30208924718973545,0.25173157715453615,0.1513420902341519,0.10774795355035217,0.4268671870042515,0.31404276921124435,0.24298853184966504,0.7202132591562355,0.04218822438572091,0.1746059341678257,0.0584144645340751,0.004578117756142791,0.05088085303662494,0.003245248029670839,0.04299953639313862,0.004636068613815485,0.0,11322.0,1939.0,0.2334431806101839,0.7665568193898161,0.16913972796325738,0.22767624020887728,0.026631853785900782,0.0422976501305483,0.34308093994778066,0.360313315926893,2008.235294117647,2012.7037157757497,0.7751664485289933,0.02088431115916463,0.02579392594647067,0.06562444797738916,0.28095742801625156,0.18521462639109698,0.2087087087087087,0.2594947889065536,0.0,0.10528175234057587,0.39206853912736267,0.3400459282812224,0.1584525702172761,0.004151210033562975,2389.21651221567,2301.0695187165775,20.08482428115016,0.29787824157537096,0.1582304812092636,1296108.291032149,7353.0,0.3385012919896641,0.661498708010336,0.4174520267968661,0.39513128521313917,0.1552823315118397,0.4681736236305644,144501.1025358324,175195.3125,107686.57885772681,0.07187464516861587,353.0,291.0,171.0,264.0,359.0,251.0,111.0,95.0,84.0,353.0,341.0,638.0,685.0,907.0,1075.0,3429.0,0.024533704821608236,0.4979490751489823,0.526584629672626,12604.0,0.6838305299904792,0.07854649317676927,0.21128213265629958,0.0011107584893684545,0.025230085687083466,12478.0,0.22319281936207724,0.1923385157877865,0.030854303574290753,0.2488379548004488,0.03710530533739381,0.20203558262542073,0.06202917134156115,0.22679916653309826,17614.0
Seacliff,2501.0,0.0,0.5173930427828869,902.0,0.7749445676274944,0.22505543237250555,0.18181818181818182,0.38470066518847007,0.4844789356984479,2.772727272727273,3.171673819742489,0.21391443422630949,0.012395041983206718,0.6745301879248301,0.0,0.0,0.09916033586565375,0.058376649340263896,0.05437824870051979,0.1995201919232307,0.11515393842463015,0.36105557776889247,0.2698920431827269,0.07126948775055679,0.09688195991091314,0.3585746102449889,0.4732739420935412,0.20151939224310275,0.825369978858351,0.041014799154334036,0.1010570824524313,0.03255813953488372,0.0,0.02748414376321353,0.0,0.02748414376321353,0.0,0.0,1039.0,1939.0,0.7427937915742794,0.2572062084257206,0.13185755534167468,0.0,0.0,0.0,0.8759124087591241,0.12408759124087591,2003.2278481012659,2015.0204081632653,0.9314792422410318,0.0024183796856106408,0.0,0.7776708373435997,0.13763233878729547,0.03657362848893166,0.04812319538017324,0.0,0.0,0.0,0.02598652550529355,0.2030798845043311,0.6467757459095284,0.12415784408084697,2438.7755102040815,2431.818181818182,28.54,0.47413793103448276,0.34913793103448276,2000000.8057040998,1706.0,0.824736225087925,0.17526377491207504,0.6821271491403439,0.037694013303769404,0.029850746268656716,0.0603448275862069,203791.13524590165,209548.99305555556,150830.70771691322,0.023590563774490203,18.0,2.0,9.0,5.0,16.0,0.0,5.0,5.0,14.0,58.0,35.0,21.0,44.0,86.0,96.0,488.0,0.01326053042121685,0.4594383775351014,0.5538221528861155,1265.0,0.7343873517786561,0.07905138339920949,0.15019762845849802,0.014229249011857707,0.022134387351778657,1202.0,0.5831946755407654,0.5249584026622296,0.05823627287853577,0.06156405990016639,0.0,0.028286189683860232,0.026622296173044926,0.3003327787021631,2501.0
South of Market,24972.0,1156.0,0.4273986865289124,13068.0,0.30402509947964496,0.695974900520355,0.5668044077134986,0.10751453933272115,0.25382614018977656,1.822467095194368,3.0495846967027433,0.4412141598590421,0.08561588979657216,0.30317956110844146,0.003684126221367932,0.005926637834374499,0.16037962518020182,0.15513374979977576,0.03067435527791126,0.06439211917347429,0.36849271183725774,0.3628063431042768,0.17363447060707993,0.25027701498289734,0.2024859083682613,0.33444139326492267,0.2127956833839187,0.4541086016338299,0.5034289019251426,0.11096422374617863,0.3166157151119557,0.05882838965545732,0.010162769561265802,0.16409154755019417,0.047261009667024706,0.10741138560687433,0.007394860778319425,0.0020242914979757085,15318.0,1998.4395132426628,0.1994949494949495,0.8005050505050505,0.14688601645123384,0.49822222222222223,0.013777777777777778,0.09688888888888889,0.14888888888888888,0.24222222222222223,2014.9724842767296,2015.2320754716982,0.7465167637020679,0.02397109014254166,0.13631583978587133,0.038386212299255776,0.06410758584671628,0.05679592636114375,0.08264786525656091,0.7580624102363233,0.0,0.3926100013056535,0.3463898681289986,0.18801410105757932,0.06064760412586499,0.012338425381903642,1520.5066344993968,1476.7945544554455,27.055166666666665,0.41114616193480547,0.18669343275021508,892169.1792294807,5230.0,0.4581261950286807,0.5418738049713193,0.2094345667147205,0.6039179675543311,0.2911392405063291,0.6818659783959469,90569.27297668038,125694.44444444444,70590.72961717124,0.15847327005759715,989.0,1485.0,420.0,153.0,409.0,322.0,554.0,345.0,133.0,429.0,841.0,729.0,763.0,921.0,1328.0,3247.0,0.05819332846359873,0.393718042366691,0.6644752860969078,15452.0,0.6102769867978255,0.17143411856070412,0.13894641470359825,0.0066658037794460265,0.07267667615842609,15254.0,0.1360954503736725,0.11124950832568507,0.024845942047987412,0.2428215550019667,0.041366199029762685,0.3403697390848302,0.03880949259210699,0.20053756391766095,24972.0
Sunset/Parkside,81209.0,452.0,0.50461155783226,27609.0,0.6819153174689413,0.3180846825310587,0.20714259842804883,0.2589010829801876,0.48962294903835707,2.925024448549386,3.468688585542041,0.5325025551355146,0.013446785454814121,0.33027127535125417,0.0012560184216035169,0.0068834735066310385,0.11563989213018261,0.07891982415742098,0.046127892228693866,0.1112438276545703,0.21647846913519436,0.36085901808912807,0.2652907928924134,0.2552949249820643,0.20696216351102653,0.3686952181914595,0.16904769331544964,0.399869472595402,0.4779701276738572,0.047480732736919565,0.41246788789486594,0.04977860397867369,0.012302647715683616,0.10126124730516504,0.0018976801827969483,0.09117901449724385,0.004569923705511019,0.00118766378787292,29094.0,1944.7727272727273,0.6617407367162882,0.3382592632837118,0.05104145184574139,0.17845117845117844,0.0053872053872053875,0.298989898989899,0.08484848484848485,0.43232323232323233,2000.2593037214885,2012.2210197210197,0.9094798104784052,0.005956748286968525,0.07152800085662277,0.7448958548154259,0.1764625008592837,0.042723585619027976,0.014779679659036227,0.020691551522650717,0.00044682752457551384,0.02560665429298137,0.09318072454801678,0.3765724891730254,0.46263834467587817,0.0420017873100983,2398.463593854375,2232.946298984035,25.652583862194017,0.35892493843023876,0.1831031159653068,1282279.4396062098,46523.0,0.7134105711153623,0.28658942888463773,0.5728798532182393,0.10080046361693651,0.07651888341543514,0.14830281614733912,131196.33981021238,149792.817679558,56163.53359849278,0.06932570069139841,702.0,566.0,613.0,660.0,698.0,458.0,624.0,449.0,671.0,1051.0,1866.0,2565.0,2333.0,2213.0,3716.0,8424.0,0.05918837120081845,0.5004689031928045,0.558719468008014,44110.0,0.5426887327136704,0.1679664475175697,0.1748129675810474,0.03609158920879619,0.07844026297891635,42899.0,0.5085200121214947,0.4092869297652626,0.09923308235623209,0.2600759924473764,0.020466677544931117,0.03787967085479848,0.03545537192009138,0.13760227511130796,81209.0
Tenderloin,31118.0,1590.0,0.4294299119480686,18133.0,0.24579495946616667,0.7542050405338333,0.6548833618265042,0.10296145149727016,0.3222301880549275,1.6284122869905697,3.0608032308727844,0.31486599395848064,0.08368147053152517,0.34680892088180476,0.021370268012083037,0.0016067870685776721,0.23166655954752877,0.23340188958159264,0.03808085352529083,0.0677100070698631,0.27337875184780513,0.39498039719776334,0.22584999035927758,0.39735048032228076,0.23907654167957856,0.24674620390455532,0.11682677409358537,0.4337361012918568,0.47469348211004575,0.1800688203654829,0.2319847659773494,0.08037951424848828,0.03287341729863361,0.19714027995857414,0.04433234223098253,0.11699462132095012,0.018173921758594194,0.015467878261450572,20903.0,1939.0,0.03325428776264269,0.9667457122373573,0.13251686360809453,0.448014440433213,0.0,0.09963898916967509,0.047653429602888084,0.4046931407942238,2009.9330357142858,2014.043312101911,0.8167185877466251,0.012461059190031152,0.1618938961779806,0.009185284408936517,0.018466248863799453,0.015308807348227527,0.05702530737214754,0.8976701908816916,0.00234416112519734,0.6264172606802851,0.28005549442663735,0.0573123475099268,0.02152801033344496,0.014686887049705784,1138.5135135135135,1090.9253945480632,30.45172678434382,0.46965202509982884,0.22413006274957217,861550.6329113924,3740.0,-1069518.65,0.9344919786096256,0.12018767272960987,0.792312358683064,0.4262023217247098,0.804905875641757,41055.3772070626,56464.35452793834,40407.75114081882,0.231372163190345,1812.0,3170.0,1054.0,950.0,750.0,566.0,633.0,623.0,716.0,1196.0,1359.0,1228.0,1050.0,746.0,1095.0,1185.0,0.10795164311254896,0.4098984051308247,0.6980532379817243,15703.0,0.40756543335668344,0.28586894224033627,0.17079538941603514,0.05584920078965803,0.07992103419728715,15401.0,0.1268748782546588,0.11629114992532952,0.010583728329329264,0.3433543276410623,0.033958833841958316,0.34692552431660284,0.042140120771378485,0.10674631517433933,31118.0
Treasure Island,3185.0,951.0,0.4364207221350079,650.0,0.47692307692307695,0.5230769230769231,0.15846153846153846,0.3030769230769231,0.29846153846153844,3.436923076923077,3.6451612903225805,0.09073783359497645,0.18398744113029827,0.43893249607535323,0.010675039246467817,0.02857142857142857,0.24709576138147565,0.271585557299843,0.024803767660910518,0.1368916797488226,0.46373626373626375,0.29073783359497646,0.08383045525902669,0.28069226608977826,0.3174689021092482,0.3104380746349378,0.0914007571660357,0.3246467817896389,0.5634256278171281,0.2031551835157759,0.08950418544752092,0.11526078557630393,0.02865421764327109,0.11526078557630393,0.06310367031551835,0.014810045074050225,0.03734707018673535,0.0,679.0,1956.7412935323382,0.0,1.0,0.042709867452135494,1.0,0.0,0.0,0.0,0.0,0.0,2015.0676691729323,0.7683042789223454,0.005071315372424723,0.1076923076923077,0.30338733431516934,0.35198821796759944,0.26362297496318116,0.05743740795287187,0.023564064801178203,0.0,0.0,0.036818851251840944,0.25184094256259204,0.6715758468335787,0.039764359351988215,2300.518134715026,2245.4545454545455,23.46453488372093,0.3984615384615385,0.21846153846153846,0.0,968.0,-688705.2334710744,1.0,0.30392464678178965,0.17076923076923076,0.0,0.17076923076923076,84146.34146341463,37118.64406779661,24439.27786499215,0.4210357027983274,40.0,35.0,24.0,0.0,27.0,30.0,66.0,36.0,16.0,21.0,0.0,82.0,0.0,33.0,81.0,159.0,0.12698412698412698,0.5088985088985089,0.6180856180856181,1815.0,0.21652892561983472,0.27107438016528923,0.2815426997245179,0.051790633608815424,0.1790633608815427,1763.0,0.4078275666477595,0.3295519001701645,0.07827566647759501,0.41123085649461144,0.03119682359614294,0.07657402155416904,0.0,0.07317073170731707,3185.0
Twin Peaks,8095.0,924.0,0.43125386040765906,3532.0,0.44394110985277463,0.5560588901472253,0.4116647791619479,0.12485843714609286,0.3672140430351076,2.0302944507361267,2.7755102040816326,0.20679431747992588,0.05583693638048178,0.5939468807906115,0.0002470660901791229,0.0,0.14317479925880172,0.148733786287832,0.01445336627547869,0.07498455836936381,0.24891908585546635,0.3676343421865349,0.2940086473131563,0.15614713038500072,0.18305424359524833,0.36825533132961213,0.29254329469013884,0.24410129709697345,0.7598395587866633,0.08460767109551266,0.09074956129355728,0.058285284532464274,0.006517924291802457,0.024191526698420656,0.016545500125344698,0.007646026573075959,0.0,0.0,3795.0,1963.2015590200444,0.41647791619479047,0.5835220838052095,0.06930171277997364,0.5475285171102662,0.0,0.2813688212927757,0.09505703422053231,0.07604562737642585,2002.8247734138972,2012.3462929475588,0.8015873015873016,0.01103670634920635,0.06356137797185832,0.3997364953886693,0.0927536231884058,0.14808959156785242,0.23241106719367588,0.12015810276679842,0.006851119894598155,0.13465085638998683,0.247167325428195,0.3061923583662714,0.2951251646903821,0.01686429512516469,2423.245614035088,2395.8333333333335,23.912347560975608,0.2789907811741873,0.07811741872877244,1243367.3469387754,4877.0,0.42710682796801314,0.5728931720319869,0.6024706609017912,0.14354473386183467,0.13256288239293,0.15138282387190685,141884.32835820896,173287.67123287672,80631.11797405806,0.09844054580896686,100.0,244.0,57.0,34.0,88.0,61.0,39.0,67.0,31.0,109.0,85.0,341.0,329.0,268.0,469.0,1210.0,0.02927548441449031,0.4022746419545072,0.6270008424599831,4609.0,0.7776090258190497,0.08049468431330006,0.1143415057496203,0.012367107832501627,0.015187676285528313,4547.0,0.5190235319991203,0.4504068616670332,0.06861667033208708,0.1757202551132615,0.014954915328788213,0.0200131955135254,0.04486474598636463,0.22542335605893996,8095.0
Visitacion Valley,18600.0,84.0,0.4939784946236559,5157.0,0.7605196819856506,0.23948031801434944,0.15939499709133217,0.35097925150281173,0.5130890052356021,3.590459569517161,4.227180010198878,0.5431720430107527,0.08833333333333333,0.1378494623655914,0.0038172043010752687,0.022419354838709677,0.20440860215053763,0.22166666666666668,0.04021505376344086,0.1382258064516129,0.20763440860215054,0.3772043010752688,0.23672043010752689,0.5052486787808587,0.24476942011148917,0.19011076522116846,0.059871135886483746,0.5195698924731182,0.28657853461796995,0.1616065426842931,0.499439838673538,0.04806184181044141,0.004313242213757562,0.13421465382030023,0.010138920008962582,0.11920233027111808,0.0006721935917544253,0.001960564642617074,5340.0,1952.008097165992,0.5935621485359706,0.4064378514640295,0.034269662921348316,0.07650273224043716,0.0,0.0,0.15300546448087432,0.7704918032786885,1995.9950657894738,2010.5367647058824,0.9476851349886154,0.004228559037189635,0.1693702290076336,0.7617977528089888,0.11123595505617978,0.07771535580524344,0.029400749063670413,0.018352059925093634,0.00149812734082397,0.025280898876404494,0.07958801498127341,0.4067415730337079,0.4705992509363296,0.017790262172284643,1266.9354838709678,1210.1293103448277,30.096544715447152,0.44513358778625955,0.26145038167938933,874369.5965417868,8937.0,0.7124314646973258,0.2875685353026743,0.4804838709677419,0.16094628660073687,0.10388761842535119,0.24427480916030533,76544.67680608365,81424.30278884462,30841.21505376344,0.14507575757575758,372.0,196.0,329.0,197.0,174.0,76.0,81.0,162.0,107.0,241.0,611.0,526.0,474.0,409.0,385.0,817.0,0.0658182541260688,0.48240206800556773,0.5834161861205011,9388.0,0.23934810396250533,0.28749467405198126,0.2449936088623775,0.06678738815509161,0.16137622496804432,9109.0,0.6110440223954331,0.47700076847074324,0.13404325392468985,0.2748929630036228,0.0005489076737292787,0.015149851794928093,0.01547919639916566,0.08288505873312109,18600.0
West of Twin Peaks,37753.0,193.0,0.5071385055492279,14130.0,0.7175513092710545,0.2824486907289455,0.21061571125265394,0.2775654635527247,0.5307855626326964,2.6581740976645434,3.076240260380708,0.3399994702407756,0.020475194024315947,0.5000132439806109,0.003708314571027468,0.0009005906815352422,0.13490318650173497,0.09872063147299552,0.04238073795459964,0.13519455407517283,0.18162795009668106,0.3333245040129261,0.3074722538606203,0.13020655804758333,0.18378894266821189,0.3756561456131979,0.3103483536710069,0.2779116891372871,0.6536940226260615,0.05014798218681714,0.22667551793765386,0.06262274223439272,0.006859735015074821,0.05219483860260559,0.001217049760739081,0.04599894891157027,0.004978839930296241,0.0,14908.0,1939.0,0.7922151450813871,0.20778485491861287,0.05218674537161256,0.05269922879177378,0.05269922879177378,0.6259640102827764,0.02570694087403599,0.24293059125964012,1999.8894518654997,2014.770867430442,0.9173066666666667,0.012186666666666667,0.01907356948228883,0.8857660316608532,0.049570700295143544,0.01562919237993024,0.01482425543332439,0.0332707271263751,0.0009390931043734908,0.01214113227797156,0.051113496109471426,0.25087201502548967,0.5973973705393077,0.0884759860477596,2974.226804123711,2792.929292929293,21.356100217864924,0.24931880108991825,0.14271117166212535,1532855.808159452,24574.0,0.8316920322291853,0.1683079677708147,0.6509151590602071,0.070276008492569,0.05074146864391638,0.14475476839237056,162350.70575461455,186041.96301564723,83896.5804042063,0.0390278846408957,347.0,257.0,156.0,125.0,177.0,267.0,218.0,271.0,272.0,306.0,555.0,1739.0,910.0,1010.0,1842.0,5678.0,0.03991718027734977,0.47019453004622497,0.5697226502311248,19939.0,0.6563017202467526,0.09117809318421184,0.18596719995987762,0.026631225236972766,0.039921761372185165,19307.0,0.4860931268451857,0.39964779613611645,0.08644533070906925,0.22219920236183768,0.014347127984668773,0.02517221733050189,0.026881441964054488,0.2253068835137515,37753.0
Western Addition,21989.0,286.0,0.4899722588567011,11459.0,0.32699188410856095,0.673008115891439,0.5024871280216424,0.09154376472641591,0.3827559123832795,1.8939698053931409,2.916466506538564,0.2774569102733185,0.15753331211060076,0.4134794670062304,0.004047478284596844,0.0,0.14748283232525353,0.10996407294556369,0.019737141297921687,0.07108099504297603,0.3463095183955614,0.30105962071945064,0.2618127245440902,0.20237576285963382,0.16603095030514387,0.36083260680034873,0.2707606800348736,0.359452453499477,0.5950823474831826,0.06485734168406403,0.19707724425887266,0.10150777081883554,0.04147529575504523,0.10628624449083739,0.014474599860821155,0.06634191602876363,0.022964509394572025,0.0,13109.0,1969.0974440894568,0.2073479361200803,0.7926520638799197,0.12586772446410863,0.20666666666666667,0.0,0.296969696969697,0.1406060606060606,0.3557575757575758,2010.479094076655,2014.3229487970389,0.8337140246687985,0.015532206486980357,0.051634922382472755,0.05660233427416279,0.11213669997711496,0.09840567549012129,0.11945991303684492,0.6123274086505455,0.0010679685712106186,0.19475169730719352,0.40300556869326415,0.22808757342283928,0.16767106568006712,0.006484094896635899,1687.6218323586745,1649.9556344276841,25.4400947459087,0.36034349884399425,0.1857315864802378,876315.7894736843,6797.0,0.35427394438722964,0.6457260556127703,0.3091091000045477,0.46566017977135876,0.2015993265993266,0.5347352196410877,92526.90802348337,100676.89530685921,68532.26158533813,0.1925729685287535,861.0,1263.0,404.0,525.0,584.0,131.0,156.0,247.0,116.0,289.0,437.0,1022.0,787.0,975.0,1100.0,2562.0,0.04547560222359481,0.4873378628783199,0.5581377393452749,12329.0,0.6737772730959526,0.10357693243572066,0.16011030902749615,0.025711736556087272,0.03682374888474329,12091.0,0.25498304524026133,0.2090811347283103,0.04590191051195104,0.3518319411132247,0.043007195434620796,0.12513439748573318,0.049706393185013645,0.1753370275411463,21989.0
sf,865933.0,19173.0,0.48765897592538915,361222.0,0.471912009788994,0.5280879902110059,0.3658248943862777,0.18640614359036825,0.35356650480867724,2.344154010553067,3.261285307834453,0.34376793585646925,0.052122970252894855,0.43427840260158695,0.00486411766268291,0.0035926567066967073,0.1613739169196693,0.1538698721494619,0.0441362091524402,0.09235702993187694,0.2938241180322265,0.3532744450205732,0.21640819786288315,0.22593033939117727,0.1789020986430449,0.35385481785102085,0.24131274411475698,0.34113262804397104,0.5733308848225354,0.1083828472153425,0.24823791792817326,0.05958338266599333,0.010464967367955599,0.09361083659331605,0.016256823008913707,0.06866260568263917,0.006502245944855349,0.001309631104463619,404720.0,1944.3332959200852,0.38216941382307834,0.6178305861769217,0.10747677406602095,0.2646788358085429,0.0248976964458136,0.20010115407604948,0.1862384477447239,0.3237850016092694,2004.4197714391898,2014.1096533311083,0.8455140961567382,0.012385359069326068,0.08282326794339842,0.3088703301047638,0.20939909072939317,0.09435412136785926,0.0931211701917375,0.2922588456216644,0.001996441984581933,0.1540077090334058,0.25219905119588854,0.2977070567305792,0.2687339395137379,0.027352243526388615,2130.0673933225594,2030.481368098807,24.75954651481888,0.35670821869931085,0.17127443160941686,1272929.693809271,-2666287467.0,3.750453492642847,1.0000798289766706,-3079.092108742824,0.30574826560951435,0.1069772832637923,0.42870137202362285,126421.64321034614,147532.29134821155,71482.32962134483,0.10311054162545132,16285.0,16864.0,8806.0,9052.0,9441.0,6781.0,7490.0,7246.0,6890.0,13756.0,19085.0,29837.0,27583.0,26290.0,42132.0,113684.0,0.05283849981784929,0.4811127281738143,0.5717257716440349,511902.0,0.6035842798035561,0.14203890588432944,0.16893858590120767,0.028624619556086906,0.05681360885481987,500344.0,0.3590869481796524,0.29428952880418274,0.06479741937546968,0.27763498712885537,0.03349695409558224,0.11037606126984635,0.039203028316518236,0.18020202100954544,865933.0
