<metadata><idinfo><citation><citeinfo><origin>U.S. Department of Commerce, U.S. Census Bureau, Geography Division</origin><pubdate>2010</pubdate><title>Neighborhoods_Analysis</title><edition>2010</edition><geoform>vector digital data</geoform><onlink>http://www.census.gov/geo/www/tiger</onlink><ftname Sync="TRUE">tl_2010_06075_tract10_Clip</ftname></citeinfo></citation><descript><abstract>The TIGER/Line Files are shapefiles and related database files (.dbf) that are an extract of selected geographic and cartographic information from the U.S. Census Bureau's Master Address File / Topologically Integrated Geographic Encoding and Referencing (MAF/TIGER) Database (MTDB). The MTDB represents a seamless national file with no overlaps or gaps between parts, however, each TIGER/Line File is designed to stand alone as an independent data set, or they can be combined to cover the entire nation. Census tracts are small, relatively permanent statistical subdivisions of a county or equivalent entity, and were defined by local participants as part of the 2010 Census Participant Statistical Areas Program. The Census Bureau delineated the census tracts in situations where no local participant existed or where all the potential participants declined to participate. The primary purpose of census tracts is to provide a stable set of geographic units for the presentation of census data and comparison back to previous decennial censuses. Census tracts generally have a population size between 1,200 and 8,000 people, with an optimum size of 4,000 people. When first delineated, census tracts were designed to be homogeneous with respect to population characteristics, economic status, and living conditions. The spatial size of census tracts varies widely depending on the density of settlement. Physical changes in street patterns caused by highway construction, new development, and so forth, may require boundary revisions. In addition, census tracts occasionally are split due to population growth, or combined as a result of substantial population decline. Census tract boundaries generally follow visible and identifiable features. They may follow legal boundaries such as minor civil division (MCD) or incorporated place boundaries in some States and situations to allow for census tract-to-governmental unit relationships where the governmental boundaries tend to remain unchanged between censuses. State and county boundaries always are census tract boundaries in the standard census geographic hierarchy. In a few rare instances, a census tract may consist of noncontiguous areas. These noncontiguous areas may occur where the census tracts are coextensive with all or parts of legal entities that are themselves noncontiguous. For the 2010 Census, the census tract code range of 9400 through 9499 was enforced for census tracts that include a majority American Indian population according to Census 2000 data and/or their area was primarily covered by federally recognized American Indian reservations and/or off-reservation trust lands; the code range 9800 through 9899 was enforced for those census tracts that contained little or no population and represented a relatively large special land use area such as a National Park, military installation, or a business/industrial park; and the code range 9900 through 9998 was enforced for those census tracts that contained only water area, no land area.</abstract><purpose>In order for others to use the information in the Census MAF/TIGER database in a geographic information system (GIS) or for other geographic applications, the Census Bureau releases to the public extracts of the database in the form of TIGER/Line Shapefiles.</purpose><Subject_Entity>San Francisco, CA, (06075)</Subject_Entity><langdata Sync="TRUE">en</langdata></descript><timeperd><timeinfo><rngdates><begdate>201001</begdate><enddate>201007</enddate></rngdates></timeinfo><current>Publication Date</current></timeperd><status><progress>Complete</progress><update>TIGER/Line Shapefiles are extracted from the Census MAF/TIGER database.  No changes or updates will be made to this version of the TIGER/Line Shapefiles.  Future releases of TIGER/Line Shapefiles will reflect updates made to the Census MAF/TIGER database.</update></status><spdom><bounding><westbc>-123.173825</westbc><eastbc>-122.28178</eastbc><northbc>37.929824</northbc><southbc>37.63983</southbc></bounding><lboundng><leftbc Sync="TRUE">-122.514948</leftbc><rightbc Sync="TRUE">-122.356967</rightbc><bottombc Sync="TRUE">37.708132</bottombc><topbc Sync="TRUE">37.833298</topbc></lboundng></spdom><keywords><theme><themekt>ISO 19115 Topic Categories</themekt><themekey>boundaries</themekey></theme><theme><themekt>None</themekt><themekey>County or equivalent entity</themekey><themekey>Polygon</themekey><themekey>Census Tract</themekey><themekey>Tract</themekey></theme><place><placekt>INCITS.38-200x (R2004),INCITS.31-200x (R2007),INCITS.454-200x,INCITS 455-200x,INCITS 446-2008</placekt><placekey>United States</placekey><placekey>U.S.</placekey><placekey>County or Equivalent Entity</placekey><placekey>San Francisco</placekey><placekey>06075</placekey></place></keywords><accconst>None</accconst><useconst>The TIGER/Line Shapefile products are not copyrighted however TIGER/Line and Census TIGER are registered trademarks of the U.S. Census Bureau.  These products are free to use in a product or publication, however acknowledgement must be given to the U.S. Census Bureau as the source.
The boundary information in the TIGER/Line Shapefiles are for statistical data collection and tabulation purposes only; their depiction and designation for statistical purposes does not constitute a determination of jurisdictional authority or rights of ownership or entitlement and they are not legal land descriptions.Coordinates in the TIGER/Line shapefiles have six implied decimal places, but the positional accuracy of these coordinates is not as great as the six decimal places suggest.</useconst><Title_13_Restrictions>Yes, the data are free from Title 13 restrictions</Title_13_Restrictions><ptcontac><cntinfo><cntorgp><cntorg>U.S. Department of Commerce, U.S. Census Bureau, Geography Division, Geographic Products Branch</cntorg></cntorgp><cntaddr><addrtype>Mailing address</addrtype><address>4600 Silver Hill Road, Stop 7400</address><city>Washington</city><state>DC</state><postal>20233-7400</postal><country>United States</country></cntaddr><cntvoice>301-763-1128</cntvoice><cntfax>301-763-4710</cntfax><cntemail>geo.tiger@census.gov</cntemail></cntinfo></ptcontac><native Sync="TRUE">Microsoft Windows XP Version 5.1 (Build 2600) Service Pack 3; ESRI ArcCatalog 9.3.1.3000</native><natvform Sync="TRUE">Shapefile</natvform></idinfo><Data_Set_Character_Set>8859part1</Data_Set_Character_Set><Data_Set_Language>eng</Data_Set_Language><dataqual><attracc><attraccr>Accurate against Federal Information Processing Standards (FIPS), FIPS Publication 6-4, and FIPS-55 at the 100% level for the codes and base names.  The remaining attribute information has been examined but has not been fully tested for accuracy.</attraccr></attracc><logic>The Census Bureau performed automated tests to ensure logical consistency and limits of shapefiles.  Segments making up the outer and inner boundaries of a polygon tie end-to-end to completely enclose the area.  All polygons are tested for closure.
The Census Bureau uses its internally developed geographic update system to enhance and modify spatial and attribute data in the Census MAF/TIGER database.  Standard geographic codes, such as FIPS codes for states, counties, municipalities, county subdivisions, places, American Indian/Alaska Native/Native Hawaiian areas, and congressional districts are used when encoding spatial entities.  The Census Bureau performed spatial data tests for logical consistency of the codes during the compilation of the original Census MAF/TIGER database files.  Most of the codes for geographic entities except states, counties, urban areas, Core Based Statistical Areas (CBSAs), American Indian Areas (AIAs), and congressional districts were provided to the Census Bureau by the USGS, the agency responsible for maintaining FIPS 55.  Feature attribute information has been examined but has not been fully tested for consistency.
For the TIGER/Line Shapefiles, the Point and Vector Object Count for the G-polygon SDTS Point and Vector Object Type reflects the number of records in the shapefile attribute table.  For multi-polygon features, only one attribute record exists for each multi-polygon rather than one attribute record per individual G-polygon component of the multi-polygon feature.  TIGER/Line Shapefile multi-polygons are an exception to the G-polygon object type classification.  Therefore, when multi-polygons exist in a shapefile, the object count will be less than the actual number of G-polygons.</logic><complete>Data completeness of the TIGER/Line Shapefiles reflects the contents of the Census MAF/TIGER database at the time the TIGER/Line Shapefiles were created.</complete><lineage><srcinfo><srccite><citeinfo><origin>U.S. Department of Commerce, U.S. Census Bureau, Geography Division</origin><pubdate>Unpublished material</pubdate><title>Census MAF/TIGER database</title></citeinfo></srccite><typesrc>online</typesrc><srctime><timeinfo><rngdates><begdate>201001</begdate><enddate>201007</enddate></rngdates></timeinfo><srccurr>Publication Date</srccurr></srctime><srccitea>MAF/TIGER</srccitea><srccontr>The selected geographic and cartographic information (line segments) are derived from the U.S. Census Bureau's Master Address File Topologically Integrated Geographic Encoding and Referencing (MAF/TIGER) database.</srccontr></srcinfo><procstep><procdesc>TIGER/Line Shapefiles are extracted from the Census MAF/TIGER database by nation, state, county, and entity.  Census MAF/TIGER data for all of the aforementioned geographic entities are then distributed among the shapefiles each containing attributes for line, polygon, or landmark geographic data. </procdesc><srcused>Census MAF/TIGER</srcused><procdate>2010</procdate></procstep><procstep><procdesc Sync="TRUE">Dataset copied.</procdesc><srcused Sync="TRUE"/><procdate Sync="TRUE">20110308</procdate><proctime Sync="TRUE">14561500</proctime></procstep></lineage></dataqual><spdoinfo><indspref>Federal Information Processing Standards (FIPS), ANSI, and feature names.</indspref><direct>Vector</direct><ptvctinf><esriterm Name="neighborhoods"><efeatyp Sync="TRUE">Simple</efeatyp><efeageom code="4" Sync="TRUE"></efeageom><esritopo Sync="TRUE">FALSE</esritopo><efeacnt Sync="TRUE">0</efeacnt><spindex Sync="TRUE">FALSE</spindex><linrefer Sync="TRUE">FALSE</linrefer></esriterm></ptvctinf></spdoinfo><spref><horizsys><geodetic><horizdn>North American Datum of 1983 in the 48 contiguous states, the District of Columbia, Alaska, Hawaii, Puerto Rico, the Virgin Islands of the United States, and the Pacific Island Areas.</horizdn><ellips>Geodetic Reference System 80</ellips><semiaxis>6378137</semiaxis><denflat>298257</denflat></geodetic><cordsysn><geogcsn Sync="TRUE">GCS_North_American_1983</geogcsn></cordsysn></horizsys></spref><eainfo><detailed Name="neighborhoods"><enttyp><enttypl>TRACT10.shp</enttypl><enttypd>2010 Census Census Tract County-based</enttypd><enttypds>U.S. Census Bureau</enttypds><enttypt Sync="TRUE">Feature Class</enttypt><enttypc Sync="TRUE">0</enttypc></enttyp><attr><attrlabl Sync="TRUE">FID</attrlabl><attalias Sync="TRUE">FID</attalias><attrtype Sync="TRUE">OID</attrtype><attwidth Sync="TRUE">4</attwidth><atprecis Sync="TRUE">0</atprecis><attscale Sync="TRUE">0</attscale><attrdef Sync="TRUE">Internal feature number.</attrdef><attrdefs Sync="TRUE">Esri</attrdefs><attrdomv><udom Sync="TRUE">Sequential unique whole numbers that are automatically generated.</udom></attrdomv></attr><attr><attrlabl Sync="TRUE">Shape</attrlabl><attalias Sync="TRUE">Shape</attalias><attrtype Sync="TRUE">Geometry</attrtype><attwidth Sync="TRUE">0</attwidth><atprecis Sync="TRUE">0</atprecis><attscale Sync="TRUE">0</attscale><attrdef Sync="TRUE">Feature geometry.</attrdef><attrdefs Sync="TRUE">ESRI</attrdefs><attrdomv><udom Sync="TRUE">Coordinates defining the features.</udom></attrdomv></attr><attr><attrlabl Sync="TRUE">NHOOD</attrlabl><attalias Sync="TRUE">nhood</attalias><attrtype Sync="TRUE">String</attrtype><attwidth Sync="TRUE">50</attwidth><atprecis Sync="TRUE">0</atprecis><attscale Sync="TRUE">0</attscale></attr></detailed></eainfo><distinfo><distrib><cntinfo><cntorgp><cntorg>U.S. Department of Commerce, U.S. Census Bureau, Geography Division, Geographic Products Branch</cntorg></cntorgp><cntaddr><addrtype>Mailing address</addrtype><address>4600 Silver Hill Road, Stop 7400</address><city>Washington</city><state>DC</state><postal>20233-7400</postal><country>United States</country></cntaddr><cntvoice>301-763-1128</cntvoice><cntfax>301-763-4710</cntfax><cntemail>geo.tiger@census.gov</cntemail></cntinfo></distrib><distliab>No warranty, expressed or implied is made with regard to the accuracy of these data, and no liability is assumed by the U.S. Government in general or the U.S. Census Bureau in specific as to the spatial or attribute accuracy of the data.  The act of distribution shall not constitute any such warranty and no responsibility is assumed by the U.S. government in the use of these files.  The boundary information in the TIGER/Line Shapefiles is for statistical data collection and tabulation purposes only; their depiction and designation for statistical purposes do not constitute a determination of jurisdictional authority or rights of ownership or entitlement and they are not legal land descriptions.</distliab><stdorder><digform><digtinfo><formname>TGRSHP (compressed)</formname><filedec>PK-ZIP, version 1.93 A or higher</filedec><transize Sync="TRUE">0.790</transize><dssize Sync="TRUE">0.790</dssize></digtinfo><digtopt><onlinopt><computer><networka><networkr>http://www.census.gov/geo/www/tiger</networkr></networka></computer></onlinopt><offoptn><offmedia>DVD-ROM (Only if offered offline)</offmedia><recfmt>ISO 9660</recfmt></offoptn></digtopt></digform><fees>The online copy of the TIGER/Line files may be accessed without charge.</fees><ordering>To obtain more information about ordering TIGER/Line shapefiles visit http://www.census.gov/geo/www/tiger </ordering></stdorder><techpreq>The TIGER/Line shapefiles contain geographic data only and do not include display mapping software or statistical data.  For information on how to use the TIGER/Line shapefile data with specific software package users shall contact the company that produced the software.</techpreq><resdesc Sync="TRUE">Downloadable Data</resdesc></distinfo><metainfo><metd>20100507</metd><metc><cntinfo><cntorgp><cntorg>U.S. Department of Commerce, U.S. Census Bureau, Geography Division, Geographic Products Branch</cntorg></cntorgp><cntaddr><addrtype>Mailing address</addrtype><address>4600 Silver Hill Road, Stop 7400</address><city>Washington</city><state>DC</state><postal>20233-7400</postal><country>United States</country></cntaddr><cntvoice>301-763-1128</cntvoice><cntfax>301-763-4710</cntfax><cntemail>geo.tiger@census.gov</cntemail></cntinfo></metc><metstdn>FGDC Content Standards for Digital Geospatial Metadata</metstdn><metstdv>FGDC-STD-001-1998</metstdv><Metadata_Character_Set>8859part1</Metadata_Character_Set><Metadata_File_Identifier>tl_2010_06075_tract10.shp.xml</Metadata_File_Identifier><Metadata_Language>eng</Metadata_Language><langmeta Sync="TRUE">en</langmeta><mettc Sync="TRUE">local time</mettc></metainfo><dataIdInfo><envirDesc Sync="TRUE">Microsoft Windows 10 Version 10.0 (Build 19042) ; Esri ArcGIS 12.6.2.24783</envirDesc><dataLang><languageCode Sync="TRUE" value="eng"/><countryCode value="USA" Sync="TRUE"/></dataLang><idCitation><resTitle Sync="FALSE">Neighborhoods_Analysis</resTitle><presForm><PresFormCd Sync="TRUE" value="005"/></presForm></idCitation><spatRpType><SpatRepTypCd Sync="TRUE" value="001"/></spatRpType><dataExt><geoEle><GeoBndBox esriExtentType="native"><westBL Sync="TRUE">-122.514948</westBL><eastBL Sync="TRUE">-122.356967</eastBL><northBL Sync="TRUE">37.833298</northBL><southBL Sync="TRUE">37.708132</southBL><exTypeCode Sync="TRUE">1</exTypeCode></GeoBndBox></geoEle></dataExt><geoBox esriExtentType="decdegrees"><westBL Sync="TRUE">-122.514948</westBL><eastBL Sync="TRUE">-122.356967</eastBL><northBL Sync="TRUE">37.833298</northBL><southBL Sync="TRUE">37.708132</southBL><exTypeCode Sync="TRUE">1</exTypeCode></geoBox><dataExt><geoEle xmlns=""><GeoBndBox esriExtentType="search"><exTypeCode Sync="TRUE">1</exTypeCode><westBL Sync="TRUE">-122.516338</westBL><eastBL Sync="TRUE">-122.356202</eastBL><northBL Sync="TRUE">37.833505</northBL><southBL Sync="TRUE">37.706124</southBL></GeoBndBox></geoEle></dataExt><idPurp>In order for others to use the information in the Census MAF/TIGER database in a geographic information system (GIS) or for other geographic applications, the Census Bureau releases to the public extracts of the database in the form of TIGER/Line Shapefiles.</idPurp><idAbs>&lt;DIV STYLE="text-align:Left;"&gt;&lt;DIV&gt;&lt;DIV&gt;&lt;P&gt;&lt;SPAN&gt;The TIGER/Line Files are shapefiles and related database files (.dbf) that are an extract of selected geographic and cartographic information from the U.S. Census Bureau's Master Address File / Topologically Integrated Geographic Encoding and Referencing (MAF/TIGER) Database (MTDB). The MTDB represents a seamless national file with no overlaps or gaps between parts, however, each TIGER/Line File is designed to stand alone as an independent data set, or they can be combined to cover the entire nation. Census tracts are small, relatively permanent statistical subdivisions of a county or equivalent entity, and were defined by local participants as part of the 2010 Census Participant Statistical Areas Program. The Census Bureau delineated the census tracts in situations where no local participant existed or where all the potential participants declined to participate. The primary purpose of census tracts is to provide a stable set of geographic units for the presentation of census data and comparison back to previous decennial censuses. Census tracts generally have a population size between 1,200 and 8,000 people, with an optimum size of 4,000 people. When first delineated, census tracts were designed to be homogeneous with respect to population characteristics, economic status, and living conditions. The spatial size of census tracts varies widely depending on the density of settlement. Physical changes in street patterns caused by highway construction, new development, and so forth, may require boundary revisions. In addition, census tracts occasionally are split due to population growth, or combined as a result of substantial population decline. Census tract boundaries generally follow visible and identifiable features. They may follow legal boundaries such as minor civil division (MCD) or incorporated place boundaries in some States and situations to allow for census tract-to-governmental unit relationships where the governmental boundaries tend to remain unchanged between censuses. State and county boundaries always are census tract boundaries in the standard census geographic hierarchy. In a few rare instances, a census tract may consist of noncontiguous areas. These noncontiguous areas may occur where the census tracts are coextensive with all or parts of legal entities that are themselves noncontiguous. For the 2010 Census, the census tract code range of 9400 through 9499 was enforced for census tracts that include a majority American Indian population according to Census 2000 data and/or their area was primarily covered by federally recognized American Indian reservations and/or off-reservation trust lands; the code range 9800 through 9899 was enforced for those census tracts that contained little or no population and represented a relatively large special land use area such as a National Park, military installation, or a business/industrial park; and the code range 9900 through 9998 was enforced for those census tracts that contained only water area, no land area.&lt;/SPAN&gt;&lt;/P&gt;&lt;/DIV&gt;&lt;/DIV&gt;&lt;/DIV&gt;</idAbs><searchKeys><keyword>boundaries</keyword><keyword>County or equivalent entity</keyword><keyword>Polygon</keyword><keyword>Census Tract</keyword><keyword>Tract</keyword></searchKeys><resConst><Consts><useLimit>&lt;DIV STYLE="text-align:Left;"&gt;&lt;DIV&gt;&lt;DIV&gt;&lt;P&gt;&lt;SPAN&gt;The TIGER/Line Shapefile products are not copyrighted however TIGER/Line and Census TIGER are registered trademarks of the U.S. Census Bureau. These products are free to use in a product or publication, however acknowledgement must be given to the U.S. Census Bureau as the source. The boundary information in the TIGER/Line Shapefiles are for statistical data collection and tabulation purposes only; their depiction and designation for statistical purposes does not constitute a determination of jurisdictional authority or rights of ownership or entitlement and they are not legal land descriptions.Coordinates in the TIGER/Line shapefiles have six implied decimal places, but the positional accuracy of these coordinates is not as great as the six decimal places suggest.&lt;/SPAN&gt;&lt;/P&gt;&lt;/DIV&gt;&lt;/DIV&gt;&lt;/DIV&gt;</useLimit></Consts></resConst></dataIdInfo><mdLang><languageCode Sync="TRUE" value="eng"/><countryCode value="USA" Sync="TRUE"/></mdLang><mdStanName Sync="TRUE">ISO 19115 Geographic Information - Metadata</mdStanName><mdStanVer Sync="TRUE">DIS_ESRI1.0</mdStanVer><mdChar><CharSetCd Sync="TRUE" value="004"/></mdChar><mdHrLv><ScopeCd Sync="TRUE" value="005"/></mdHrLv><mdHrLvName Sync="TRUE">dataset</mdHrLvName><distInfo><distributor><distorTran><onLineSrc><orDesc Sync="TRUE">002</orDesc><linkage Sync="TRUE">file://</linkage><protocol Sync="TRUE">Local Area Network</protocol></onLineSrc><transSize Sync="TRUE">0.790</transSize></distorTran><distorFormat><formatName Sync="TRUE">Shapefile</formatName></distorFormat></distributor><distFormat><formatName Sync="TRUE">Shapefile</formatName></distFormat><distTranOps><transSize Sync="TRUE">0.000</transSize></distTranOps></distInfo><refSysInfo><RefSystem><refSysID><identCode Sync="TRUE" value="2227" code="2227">GCS_North_American_1983</identCode><idCodeSpace Sync="TRUE">EPSG</idCodeSpace><idVersion Sync="TRUE">5.3(9.0.0)</idVersion></refSysID></RefSystem></refSysInfo><spatRepInfo><VectSpatRep><geometObjs Name="neighborhoods"><geoObjTyp><GeoObjTypCd value="002" Sync="TRUE"></GeoObjTypCd></geoObjTyp><geoObjCnt Sync="TRUE">0</geoObjCnt></geometObjs><topLvl><TopoLevCd value="001" Sync="TRUE"></TopoLevCd></topLvl></VectSpatRep></spatRepInfo><Esri><SyncDate>20210416</SyncDate><SyncTime>15572500</SyncTime><ModDate>20210416</ModDate><ModTime>15572500</ModTime><DataProperties><lineage><Process ToolSource="C:\Program Files\ArcGIS\ArcToolbox\Toolboxes\Analysis Tools.tbx\Clip" Date="20110308" Time="145410" Name="" export="">Clip tl_2010_06075_tract10 sfshore I:\GIS\Citywide\core_data\census\YR_2010\NewGeographies\tl_2010_06075_tract10_Clip.shp #</Process><Process ToolSource="C:\Program Files\ArcGIS\Desktop10.0\ArcToolbox\Toolboxes\Data Management Tools.tbx\CalculateField" Date="20120110" Time="150810" Name="" export="">CalculateField Tracts_2010 PD "01 - Richmond" VB #</Process><Process ToolSource="C:\Program Files\ArcGIS\Desktop10.0\ArcToolbox\Toolboxes\Data Management Tools.tbx\CalculateField" Date="20120110" Time="150829" Name="" export="">CalculateField Tracts_2010 PD "02 - Marina" VB #</Process><Process ToolSource="C:\Program Files\ArcGIS\Desktop10.0\ArcToolbox\Toolboxes\Data Management Tools.tbx\CalculateField" Date="20120110" Time="150852" Name="" export="">CalculateField Tracts_2010 PD "03 - Northeast" VB #</Process><Process ToolSource="C:\Program Files\ArcGIS\Desktop10.0\ArcToolbox\Toolboxes\Data Management Tools.tbx\CalculateField" Date="20120110" Time="150932" Name="" export="">CalculateField Tracts_2010 PD "04 - Downtown" VB #</Process><Process ToolSource="C:\Program Files\ArcGIS\Desktop10.0\ArcToolbox\Toolboxes\Data Management Tools.tbx\CalculateField" Date="20120110" Time="151848" Name="" export="">CalculateField Tracts_2010 PD "05 - Western Addition" VB #</Process><Process ToolSource="C:\Program Files\ArcGIS\Desktop10.0\ArcToolbox\Toolboxes\Data Management Tools.tbx\CalculateField" Date="20120110" Time="152343" Name="" export="">CalculateField Tracts_2010 PD "06 - Buena Vista" VB #</Process><Process ToolSource="C:\Program Files\ArcGIS\Desktop10.0\ArcToolbox\Toolboxes\Data Management Tools.tbx\CalculateField" Date="20120110" Time="152406" Name="" export="">CalculateField Tracts_2010 PD "07 - Central" VB #</Process><Process ToolSource="C:\Program Files\ArcGIS\Desktop10.0\ArcToolbox\Toolboxes\Data Management Tools.tbx\CalculateField" Date="20120110" Time="152423" Name="" export="">CalculateField Tracts_2010 PD "08 - Mission" VB #</Process><Process ToolSource="C:\Program Files\ArcGIS\Desktop10.0\ArcToolbox\Toolboxes\Data Management Tools.tbx\CalculateField" Date="20120110" Time="152455" Name="" export="">CalculateField Tracts_2010 PD "09 - South of Market" VB #</Process><Process ToolSource="C:\Program Files\ArcGIS\Desktop10.0\ArcToolbox\Toolboxes\Data Management Tools.tbx\CalculateField" Date="20120110" Time="152521" Name="" export="">CalculateField Tracts_2010 PD "10 - South Bayshore" VB #</Process><Process ToolSource="C:\Program Files\ArcGIS\Desktop10.0\ArcToolbox\Toolboxes\Data Management Tools.tbx\CalculateField" Date="20120110" Time="152541" Name="" export="">CalculateField Tracts_2010 PD "11 - Bernal Heights" VB #</Process><Process ToolSource="C:\Program Files\ArcGIS\Desktop10.0\ArcToolbox\Toolboxes\Data Management Tools.tbx\CalculateField" Date="20120110" Time="152611" Name="" export="">CalculateField Tracts_2010 PD "12 - South Central" VB #</Process><Process ToolSource="C:\Program Files\ArcGIS\Desktop10.0\ArcToolbox\Toolboxes\Data Management Tools.tbx\CalculateField" Date="20120110" Time="152632" Name="" export="">CalculateField Tracts_2010 PD "13 - Ingleside" VB #</Process><Process ToolSource="C:\Program Files\ArcGIS\Desktop10.0\ArcToolbox\Toolboxes\Data Management Tools.tbx\CalculateField" Date="20120110" Time="152701" Name="" export="">CalculateField Tracts_2010 PD "14 - Inner Sunset" VB #</Process><Process ToolSource="C:\Program Files\ArcGIS\Desktop10.0\ArcToolbox\Toolboxes\Data Management Tools.tbx\CalculateField" Date="20120110" Time="152722" Name="" export="">CalculateField Tracts_2010 PD "15 - Outer Sunset" VB #</Process><Process ToolSource="C:\Program Files\ArcGIS\Desktop10.0\ArcToolbox\Toolboxes\Data Management Tools.tbx\CalculateField" Date="20120110" Time="152743" Name="" export="">CalculateField Tracts_2010 PD "00 - Presidio" VB #</Process><Process ToolSource="C:\Program Files\ArcGIS\Desktop10.0\ArcToolbox\Toolboxes\Data Management Tools.tbx\CalculateField" Date="20120110" Time="152800" Name="" export="">CalculateField Tracts_2010 PD "00 - Golden Gate Park" VB #</Process><Process ToolSource="C:\Program Files\ArcGIS\Desktop10.0\ArcToolbox\Toolboxes\Data Management Tools.tbx\CalculateField" Date="20120110" Time="160505" Name="" export="">CalculateField Tracts_2010 PD "14 - Inner Sunset" VB #</Process><Process ToolSource="C:\Program Files\ArcGIS\Desktop10.0\ArcToolbox\Toolboxes\Data Management Tools.tbx\CalculateField" Date="20120110" Time="160651" Name="" export="">CalculateField Tracts_2010 PD "09 - South of Market" VB #</Process><Process ToolSource="C:\Program Files\ArcGIS\Desktop10.0\ArcToolbox\Toolboxes\Data Management Tools.tbx\Append" Date="20120113" Time="143028" Name="" export="">Append E:\mw\crap\Scratch\Fri\Four.shp "Tracts_2010 (195)" NO_TEST "TRACTCE10 "TRACTCE10" true true false 6 Text 0 0 ,First,#,E:\mw\crap\Scratch\Fri\Four.shp,TRACTCE10,-1,-1;Shape_Length "Shape_Length" false true true 8 Double 0 0 ,First,#;Shape_Area "Shape_Area" false true true 8 Double 0 0 ,First,#;PD "PD" true true false 40 Text 0 0 ,First,#" #</Process><Process ToolSource="C:\Program Files\ArcGIS\Desktop10.0\ArcToolbox\Toolboxes\Data Management Tools.tbx\CalculateField" Date="20120113" Time="143112" Name="" export="">CalculateField "Tracts_2010 (195)" PD "00 - Islands" VB #</Process><Process ToolSource="c:\program files (x86)\arcgis\desktop10.1\ArcToolbox\Toolboxes\Data Management Tools.tbx\CalculateField" Date="20121219" Time="122803" Name="" export="">CalculateField Geo_Tracts GEOID ""06075"&amp; [TRACTCE10]" VB #</Process><Process ToolSource="c:\program files (x86)\arcgis\desktop10.3\ArcToolbox\Toolboxes\Analysis Tools.tbx\SpatialJoin" Date="20151015" Time="101014" Name="" export="">SpatialJoin Geo_Tracts Foo_05 C:\MW\Scratch\Thu\Thu.gdb\Foo_09 JOIN_ONE_TO_ONE KEEP_ALL "TRACTCE10 "TRACTCE10" true true false 6 Text 0 0 ,First,#,Geo_Tracts,TRACTCE10,-1,-1;GEOID "GEOID" true true false 12 Text 0 0 ,First,#,Geo_Tracts,GEOID,-1,-1;NHOOD "NHOOD" true true false 50 Text 0 0 ,First,#,Foo_05,NHOOD,-1,-1" INTERSECT "-10 Feet" #</Process><Process ToolSource="c:\program files (x86)\arcgis\desktop10.3\ArcToolbox\Toolboxes\Conversion Tools.tbx\FeatureClassToFeatureClass" Date="20151016" Time="151438" Name="" export="">FeatureClassToFeatureClass I:\Temp\MW\Analysis_Neighborhoods.shp "Database Connections\Planning Dept SDE w GISDATA.sde\GISDATA.Neighborhoods" Analysis_Neighborhoods # "TRACTCE10 "TRACTCE10" true true false 6 Text 0 0 ,First,#,I:\Temp\MW\Analysis_Neighborhoods.shp,TRACTCE10,-1,-1;GEOID "GEOID" true true false 12 Text 0 0 ,First,#,I:\Temp\MW\Analysis_Neighborhoods.shp,GEOID,-1,-1;NHOOD "NHOOD" true true false 50 Text 0 0 ,First,#,I:\Temp\MW\Analysis_Neighborhoods.shp,NHOOD,-1,-1" CITYLOTS</Process><Process ToolSource="c:\program files (x86)\arcgis\desktop10.3\ArcToolbox\Toolboxes\Data Management Tools.tbx\CopyFeatures" Date="20170303" Time="093440" Name="" export="">CopyFeatures "Database Connections\Planning Dept SDE w GISDATA.sde\GISDATA.Neighborhoods\GISDATA.Analysis_Neighborhoods" "Database Connections\cpc-postgis-1_GISData.sde\gis_db.gisdata.Analysis_Neighborhoods" DEFAULTS 0 0 0</Process><Process ToolSource="c:\program files (x86)\arcgis\desktop10.3\ArcToolbox\Toolboxes\Data Management Tools.tbx\ChangePrivileges" Date="20170314" Time="162508" Name="" export="">ChangePrivileges 'Database Connections\cpc-postgis-1_GISData.sde\gis_db.gisdata.Geology_Bay_Fill';'Database Connections\cpc-postgis-1_GISData.sde\gis_db.gisdata.Geology_CDC_Hazard_Zones_Landslide_Liquefaction';'Database Connections\cpc-postgis-1_GISData.sde\gis_db.gisdata.Geology_Dam_Failure_Zones';'Database Connections\cpc-postgis-1_GISData.sde\gis_db.gisdata.Geology_DBI_Landslide_Parcels';'Database Connections\cpc-postgis-1_GISData.sde\gis_db.gisdata.Geology_DBI_Liquefaction_Parcels';'Database Connections\cpc-postgis-1_GISData.sde\gis_db.gisdata.Geology_Earthquake_Shaking_Potential_ABAG';'Database Connections\cpc-postgis-1_GISData.sde\gis_db.gisdata.Geology_Earthquaking_Potential_USGS';'Database Connections\cpc-postgis-1_GISData.sde\gis_db.gisdata.Geology_Fault_Lines';'Database Connections\cpc-postgis-1_GISData.sde\gis_db.gisdata.Geology_Fault_Lines_Active_Quaternary';'Database Connections\cpc-postgis-1_GISData.sde\gis_db.gisdata.Geology_Geologic_Map';'Database Connections\cpc-postgis-1_GISData.sde\gis_db.gisdata.Geology_Maher_Current';'Database Connections\cpc-postgis-1_GISData.sde\gis_db.gisdata.Geology_Maher_Map_Original';'Database Connections\cpc-postgis-1_GISData.sde\gis_db.gisdata.Geology_Maher_Original';'Database Connections\cpc-postgis-1_GISData.sde\gis_db.gisdata.Geology_Serpentine';'Database Connections\cpc-postgis-1_GISData.sde\gis_db.gisdata.Geology_Soils_DPW';'Database Connections\cpc-postgis-1_GISData.sde\gis_db.gisdata.Geology_Tsunami_Inundation_Zones';'Database Connections\cpc-postgis-1_GISData.sde\gis_db.gisdata.GolfCourses';'Database Connections\cpc-postgis-1_GISData.sde\gis_db.gisdata.GreenBenefitDistricts';'Database Connections\cpc-postgis-1_GISData.sde\gis_db.gisdata.HazardousWaste_CDO_CAO';'Database Connections\cpc-postgis-1_GISData.sde\gis_db.gisdata.HazardousWaste_EnviroStor_Cleanup_Sites';'Database Connections\cpc-postgis-1_GISData.sde\gis_db.gisdata.HazardousWaste_Geotracker_Sites';'Database Connections\cpc-postgis-1_GISData.sde\gis_db.gisdata.HazardousWaste_Permitted_Underground_Storage_Tanks';'Database Connections\cpc-postgis-1_GISData.sde\gis_db.gisdata.Heritage_Tree_Parcels';'Database Connections\cpc-postgis-1_GISData.sde\gis_db.gisdata.Housing_Craigslist';'Database Connections\cpc-postgis-1_GISData.sde\gis_db.gisdata.Housing_Padmapper';'Database Connections\cpc-postgis-1_GISData.sde\gis_db.gisdata.Housing_SFHousingDatabase';'Database Connections\cpc-postgis-1_GISData.sde\gis_db.gisdata.Hydrants_High_Pressure';'Database Connections\cpc-postgis-1_GISData.sde\gis_db.gisdata.Hydrants_Low_Pressure';'Database Connections\cpc-postgis-1_GISData.sde\gis_db.gisdata.Impact_Fee_Areas';'Database Connections\cpc-postgis-1_GISData.sde\gis_db.gisdata.InvestInNeighborhoodsDistricts';'Database Connections\cpc-postgis-1_GISData.sde\gis_db.gisdata.Landuse_2008';'Database Connections\cpc-postgis-1_GISData.sde\gis_db.gisdata.Landuse_2013';'Database Connections\cpc-postgis-1_GISData.sde\gis_db.gisdata.Landuse_2015';'Database Connections\cpc-postgis-1_GISData.sde\gis_db.gisdata.Landuse_2016';'Database Connections\cpc-postgis-1_GISData.sde\gis_db.gisdata.Natural_Lakes';'Database Connections\cpc-postgis-1_GISData.sde\gis_db.gisdata.Neighborhood_Quadrant_Blocks';'Database Connections\cpc-postgis-1_GISData.sde\gis_db.gisdata.Neighborhood_Quadrants';'Database Connections\cpc-postgis-1_GISData.sde\gis_db.gisdata.Neighborhood_Quadrants_Superseded_2012April';'Database Connections\cpc-postgis-1_GISData.sde\gis_db.gisdata.Neighborhood_Quadrants_Superseded_2012July';'Database Connections\cpc-postgis-1_GISData.sde\gis_db.gisdata.Neighborhoods_Analysis';'Database Connections\cpc-postgis-1_GISData.sde\gis_db.gisdata.Neighborhoods_Assessor';'Database Connections\cpc-postgis-1_GISData.sde\gis_db.gisdata.Neighborhoods_MONS';'Database Connections\cpc-postgis-1_GISData.sde\gis_db.gisdata.Neighborhoods_Planning';'Database Connections\cpc-postgis-1_GISData.sde\gis_db.gisdata.Neighborhoods_Realtor';'Database Connections\cpc-postgis-1_GISData.sde\gis_db.gisdata.Noise_Eastern_Neighborhoods_Noise_Mitigation_Area';'Database Connections\cpc-postgis-1_GISData.sde\gis_db.gisdata.Noise_Housing_Element_Noise_Mitigation_Area';'Database Connections\cpc-postgis-1_GISData.sde\gis_db.gisdata.Noise_Mitigation_Area';'Database Connections\cpc-postgis-1_GISData.sde\gis_db.gisdata.NoiseModel';'Database Connections\cpc-postgis-1_GISData.sde\gis_db.gisdata.NoiseModel_Balboa_Over_59ldl';'Database Connections\cpc-postgis-1_GISData.sde\gis_db.gisdata.NoiseModel_City_Over_75ldl';'Database Connections\cpc-postgis-1_GISData.sde\gis_db.gisdata.NoiseModel_Eastern_Neighborhoods_Over_60ldl';'Database Connections\cpc-postgis-1_GISData.sde\gis_db.gisdata.NoiseModel_Flattened';'Database Connections\cpc-postgis-1_GISData.sde\gis_db.gisdata.NoiseModel_Transit_Center_Over_70ldl';'Database Connections\cpc-postgis-1_GISData.sde\gis_db.gisdata.NoiseModel_W_SoMa_Over_60ldl';'Database Connections\cpc-postgis-1_GISData.sde\gis_db.gisdata.OpenSpaces' gisviewer AS_IS #</Process><Process ToolSource="c:\program files (x86)\arcgis\desktop10.3\ArcToolbox\Toolboxes\Data Management Tools.tbx\ChangePrivileges" Date="20170315" Time="132956" Name="" export="">ChangePrivileges 'Database Connections\cpc-postgis-1_GISData.sde\gis_db.gisdata.Geology_Bay_Fill';'Database Connections\cpc-postgis-1_GISData.sde\gis_db.gisdata.Geology_CDC_Hazard_Zones_Landslide_Liquefaction';'Database Connections\cpc-postgis-1_GISData.sde\gis_db.gisdata.Geology_Dam_Failure_Zones';'Database Connections\cpc-postgis-1_GISData.sde\gis_db.gisdata.Geology_DBI_Landslide_Parcels';'Database Connections\cpc-postgis-1_GISData.sde\gis_db.gisdata.Geology_DBI_Liquefaction_Parcels';'Database Connections\cpc-postgis-1_GISData.sde\gis_db.gisdata.Geology_Earthquake_Shaking_Potential_ABAG';'Database Connections\cpc-postgis-1_GISData.sde\gis_db.gisdata.Geology_Earthquaking_Potential_USGS';'Database Connections\cpc-postgis-1_GISData.sde\gis_db.gisdata.Geology_Fault_Lines';'Database Connections\cpc-postgis-1_GISData.sde\gis_db.gisdata.Geology_Fault_Lines_Active_Quaternary';'Database Connections\cpc-postgis-1_GISData.sde\gis_db.gisdata.Geology_Geologic_Map';'Database Connections\cpc-postgis-1_GISData.sde\gis_db.gisdata.Geology_Maher_Current';'Database Connections\cpc-postgis-1_GISData.sde\gis_db.gisdata.Geology_Maher_Map_Original';'Database Connections\cpc-postgis-1_GISData.sde\gis_db.gisdata.Geology_Maher_Original';'Database Connections\cpc-postgis-1_GISData.sde\gis_db.gisdata.Geology_Serpentine';'Database Connections\cpc-postgis-1_GISData.sde\gis_db.gisdata.Geology_Soils_DPW';'Database Connections\cpc-postgis-1_GISData.sde\gis_db.gisdata.Geology_Tsunami_Inundation_Zones';'Database Connections\cpc-postgis-1_GISData.sde\gis_db.gisdata.GolfCourses';'Database Connections\cpc-postgis-1_GISData.sde\gis_db.gisdata.GreenBenefitDistricts';'Database Connections\cpc-postgis-1_GISData.sde\gis_db.gisdata.HazardousWaste_CDO_CAO';'Database Connections\cpc-postgis-1_GISData.sde\gis_db.gisdata.HazardousWaste_EnviroStor_Cleanup_Sites';'Database Connections\cpc-postgis-1_GISData.sde\gis_db.gisdata.HazardousWaste_Geotracker_Sites';'Database Connections\cpc-postgis-1_GISData.sde\gis_db.gisdata.HazardousWaste_Permitted_Underground_Storage_Tanks';'Database Connections\cpc-postgis-1_GISData.sde\gis_db.gisdata.Heritage_Tree_Parcels';'Database Connections\cpc-postgis-1_GISData.sde\gis_db.gisdata.Housing_Craigslist';'Database Connections\cpc-postgis-1_GISData.sde\gis_db.gisdata.Housing_Padmapper';'Database Connections\cpc-postgis-1_GISData.sde\gis_db.gisdata.Housing_SFHousingDatabase';'Database Connections\cpc-postgis-1_GISData.sde\gis_db.gisdata.Hydrants_High_Pressure';'Database Connections\cpc-postgis-1_GISData.sde\gis_db.gisdata.Hydrants_Low_Pressure';'Database Connections\cpc-postgis-1_GISData.sde\gis_db.gisdata.Impact_Fee_Areas';'Database Connections\cpc-postgis-1_GISData.sde\gis_db.gisdata.InvestInNeighborhoodsDistricts';'Database Connections\cpc-postgis-1_GISData.sde\gis_db.gisdata.Landuse_2008';'Database Connections\cpc-postgis-1_GISData.sde\gis_db.gisdata.Landuse_2013';'Database Connections\cpc-postgis-1_GISData.sde\gis_db.gisdata.Landuse_2015';'Database Connections\cpc-postgis-1_GISData.sde\gis_db.gisdata.Landuse_2016';'Database Connections\cpc-postgis-1_GISData.sde\gis_db.gisdata.Natural_Lakes';'Database Connections\cpc-postgis-1_GISData.sde\gis_db.gisdata.Neighborhood_Quadrant_Blocks';'Database Connections\cpc-postgis-1_GISData.sde\gis_db.gisdata.Neighborhood_Quadrants';'Database Connections\cpc-postgis-1_GISData.sde\gis_db.gisdata.Neighborhood_Quadrants_Superseded_2012April';'Database Connections\cpc-postgis-1_GISData.sde\gis_db.gisdata.Neighborhood_Quadrants_Superseded_2012July';'Database Connections\cpc-postgis-1_GISData.sde\gis_db.gisdata.Neighborhoods_Analysis';'Database Connections\cpc-postgis-1_GISData.sde\gis_db.gisdata.Neighborhoods_Assessor';'Database Connections\cpc-postgis-1_GISData.sde\gis_db.gisdata.Neighborhoods_MONS';'Database Connections\cpc-postgis-1_GISData.sde\gis_db.gisdata.Neighborhoods_Planning';'Database Connections\cpc-postgis-1_GISData.sde\gis_db.gisdata.Neighborhoods_Realtor';'Database Connections\cpc-postgis-1_GISData.sde\gis_db.gisdata.Noise_Eastern_Neighborhoods_Noise_Mitigation_Area';'Database Connections\cpc-postgis-1_GISData.sde\gis_db.gisdata.Noise_Housing_Element_Noise_Mitigation_Area';'Database Connections\cpc-postgis-1_GISData.sde\gis_db.gisdata.Noise_Mitigation_Area';'Database Connections\cpc-postgis-1_GISData.sde\gis_db.gisdata.NoiseModel';'Database Connections\cpc-postgis-1_GISData.sde\gis_db.gisdata.NoiseModel_Balboa_Over_59ldl';'Database Connections\cpc-postgis-1_GISData.sde\gis_db.gisdata.NoiseModel_City_Over_75ldl';'Database Connections\cpc-postgis-1_GISData.sde\gis_db.gisdata.NoiseModel_Eastern_Neighborhoods_Over_60ldl';'Database Connections\cpc-postgis-1_GISData.sde\gis_db.gisdata.NoiseModel_Flattened';'Database Connections\cpc-postgis-1_GISData.sde\gis_db.gisdata.NoiseModel_Transit_Center_Over_70ldl';'Database Connections\cpc-postgis-1_GISData.sde\gis_db.gisdata.NoiseModel_W_SoMa_Over_60ldl' gisviewer GRANT #</Process><Process ToolSource="c:\program files (x86)\arcgis\desktop10.7\ArcToolbox\Toolboxes\Data Management Tools.tbx\CalculateField" Date="20191029" Time="102802">CalculateField Analysis_Neighborhoods LONG_GEOID ""14000US"&amp; [geoid]" VB #</Process><Process ToolSource="c:\program files (x86)\arcgis\desktop10.8\ArcToolbox\Toolboxes\Data Management Tools.tbx\Dissolve" Date="20210325" Time="133849">Dissolve Analysis_Neighborhoods I:\GIS\Citywide\base_maps\_cartography\Neighborhoods_Analysis_Dissolved.shp nhood # MULTI_PART DISSOLVE_LINES</Process><Process ToolSource="c:\program files\arcgis\pro\Resources\ArcToolbox\toolboxes\Conversion Tools.tbx\FeatureClassToFeatureClass" Date="20210416" Time="155725">FeatureClassToFeatureClass Neighborhoods_Analysis_Dissolved "C:\Users\jsherba\OneDrive - CCSF\Desktop\neighborhoods" neighborhoods.shp # "nhood "nhood" true true false 50 Text 0 0,First,#,Neighborhoods_Analysis_Dissolved,nhood,0,50" #</Process></lineage><itemProps><itemLocation><linkage Sync="TRUE">file://\\JSHERBA\C$\Users\jsherba\OneDrive - CCSF\Desktop\neighborhoods\neighborhoods.shp</linkage><protocol Sync="TRUE">Local Area Network</protocol></itemLocation><itemName Sync="TRUE">neighborhoods</itemName><imsContentType Sync="TRUE">002</imsContentType><nativeExtBox><westBL Sync="TRUE">5979385.645657</westBL><eastBL Sync="TRUE">6024741.001468</eastBL><southBL Sync="TRUE">2085840.473977</southBL><northBL Sync="TRUE">2131293.999868</northBL><exTypeCode Sync="TRUE">1</exTypeCode></nativeExtBox><itemSize Sync="TRUE">0.000</itemSize></itemProps><coordRef><type Sync="TRUE">Projected</type><geogcsn Sync="TRUE">GCS_North_American_1983</geogcsn><csUnits Sync="TRUE">Linear Unit: Foot_US (0.304801)</csUnits><projcsn Sync="TRUE">NAD_1983_StatePlane_California_III_FIPS_0403_Feet</projcsn><peXml Sync="TRUE">&lt;ProjectedCoordinateSystem xsi:type='typens:ProjectedCoordinateSystem' xmlns:xsi='http://www.w3.org/2001/XMLSchema-instance' xmlns:xs='http://www.w3.org/2001/XMLSchema' xmlns:typens='http://www.esri.com/schemas/ArcGIS/2.6.0'&gt;&lt;WKT&gt;PROJCS[&amp;quot;NAD_1983_StatePlane_California_III_FIPS_0403_Feet&amp;quot;,GEOGCS[&amp;quot;GCS_North_American_1983&amp;quot;,DATUM[&amp;quot;D_North_American_1983&amp;quot;,SPHEROID[&amp;quot;GRS_1980&amp;quot;,6378137.0,298.257222101]],PRIMEM[&amp;quot;Greenwich&amp;quot;,0.0],UNIT[&amp;quot;Degree&amp;quot;,0.0174532925199433]],PROJECTION[&amp;quot;Lambert_Conformal_Conic&amp;quot;],PARAMETER[&amp;quot;False_Easting&amp;quot;,6561666.666666666],PARAMETER[&amp;quot;False_Northing&amp;quot;,1640416.666666667],PARAMETER[&amp;quot;Central_Meridian&amp;quot;,-120.5],PARAMETER[&amp;quot;Standard_Parallel_1&amp;quot;,37.06666666666667],PARAMETER[&amp;quot;Standard_Parallel_2&amp;quot;,38.43333333333333],PARAMETER[&amp;quot;Latitude_Of_Origin&amp;quot;,36.5],UNIT[&amp;quot;Foot_US&amp;quot;,0.3048006096012192],AUTHORITY[&amp;quot;EPSG&amp;quot;,2227]]&lt;/WKT&gt;&lt;XOrigin&gt;-115860600&lt;/XOrigin&gt;&lt;YOrigin&gt;-93269500&lt;/YOrigin&gt;&lt;XYScale&gt;36787427.345686711&lt;/XYScale&gt;&lt;ZOrigin&gt;-100000&lt;/ZOrigin&gt;&lt;ZScale&gt;10000&lt;/ZScale&gt;&lt;MOrigin&gt;-100000&lt;/MOrigin&gt;&lt;MScale&gt;10000&lt;/MScale&gt;&lt;XYTolerance&gt;0.0032808333333333331&lt;/XYTolerance&gt;&lt;ZTolerance&gt;0.001&lt;/ZTolerance&gt;&lt;MTolerance&gt;0.001&lt;/MTolerance&gt;&lt;HighPrecision&gt;true&lt;/HighPrecision&gt;&lt;WKID&gt;102643&lt;/WKID&gt;&lt;LatestWKID&gt;2227&lt;/LatestWKID&gt;&lt;/ProjectedCoordinateSystem&gt;</peXml></coordRef></DataProperties><CreaDate>20151015</CreaDate><CreaTime>10123400</CreaTime><SyncOnce>FALSE</SyncOnce><ArcGISFormat>1.0</ArcGISFormat><ArcGISstyle>INSPIRE Metadata Directive</ArcGISstyle><scaleRange><minScale>150000000</minScale><maxScale>5000</maxScale></scaleRange><ArcGISProfile>ItemDescription</ArcGISProfile></Esri><mdDateSt Sync="TRUE">20210416</mdDateSt></metadata>
